"Time (UTC)","Barometric Pressure (mbar)","Temperature (degrees F)","Dewpoint (degrees F)","Relative Humidity (%)","Wind speed (mph)","Wind direction (degrees)","Analysis Barometric Pressure (mbar)","Analysis Temperature (degrees F)","Analysis Dewpoint (degrees F)","Analysis Relative Humidity (%)","Analysis Wind speed (mph)","Analysis Wind direction (degrees)"
2019-10-20 05:51:00,1018.30,35.1,30.9,84,4,290,1016.85,39.5,34.3,81,,119
2019-10-20 06:51:00,1018.30,35.1,30.9,84,4,280,1017.38,36.0,33.0,88,,198
2019-10-20 07:51:00,1018.60,34.0,30.9,88,4,280,1017.39,35.1,32.4,89,,60
2019-10-20 08:51:00,1019.00,34.0,30.9,88,0,0,1017.65,35.1,32.0,88,,28
2019-10-20 09:51:00,1019.70,34.0,30.9,88,4,280,1018.00,34.9,31.7,88,,74
2019-10-20 10:51:00,1019.70,34.0,30.0,85,0,0,1018.40,34.2,31.2,88,,39
2019-10-20 11:51:00,1019.70,35.1,32.0,88,2,310,1018.41,34.1,31.0,88,,74
2019-10-20 12:51:00,1020.00,39.0,34.0,81,4,340,1018.66,37.1,33.3,85,183.9,231
2019-10-20 13:51:00,1020.00,44.1,36.0,72,2,340,1019.05,39.7,35.9,86,182.7,231
2019-10-20 14:51:00,1020.80,48.9,37.0,63,0,0,,,,,,
2019-10-20 15:51:00,1020.32,51.1,39.9,65,4,70,,,,,,
2019-10-20 16:51:00,1019.98,52.0,41.0,66,5,80,,,,,,
2019-10-20 17:51:00,1019.69,54.0,43.0,66,6,80,,,,,,
2019-10-20 18:51:00,1018.96,54.0,44.1,69,5,60,,,,,,
2019-10-20 19:51:00,1018.96,54.0,44.1,69,6,110,,,,,,
2019-10-20 20:51:00,1019.39,52.0,44.1,74,6,140,,,,,,
2019-10-20 21:51:00,1018.63,51.1,44.1,76,5,120,,,,,,
2019-10-20 22:51:00,1018.63,51.1,45.0,79,4,80,,,,,,
2019-10-20 23:51:00,1018.69,50.0,45.0,82,3,100,,,,,,
2019-10-21 00:51:00,1018.60,50.0,45.0,82,0,0,1017.35,50.3,46.6,86,,76
2019-10-21 01:51:00,1019.00,48.9,45.0,86,4,340,1017.60,49.8,46.3,87,,74
2019-10-21 02:51:00,1018.60,48.9,45.0,86,0,0,1017.82,49.3,46.1,88,184.1,196
2019-10-21 03:51:00,1018.60,48.9,45.0,86,2,320,1017.46,49.0,45.9,88,,81
2019-10-21 04:51:00,1018.30,48.9,45.0,86,2,350,1017.56,48.9,46.1,90,,131
2019-10-21 05:51:00,1018.00,48.9,45.0,86,2,350,1017.39,48.7,46.1,90,,95
2019-10-21 06:51:00,1018.60,48.9,46.0,89,2,300,1017.16,48.7,46.2,90,168.3,28
2019-10-21 07:36:00,1018.60,48.9,45.0,86,2,330,1017.66,48.7,46.3,91,,123
2019-10-21 07:44:00,1018.60,48.9,46.0,89,0,0,1017.66,48.7,46.3,91,,89
2019-10-21 07:51:00,1018.30,48.9,46.0,89,0,0,1017.66,48.7,46.3,91,,0
2019-10-21 08:51:00,1018.60,48.9,46.0,89,0,0,1017.48,48.6,46.3,91,,40
2019-10-21 09:51:00,1019.70,48.9,46.0,89,0,0,1017.72,48.6,46.3,91,,40
2019-10-21 10:51:00,1019.70,46.9,45.0,92,2,330,1018.31,48.6,46.1,90,,74
2019-10-21 11:47:00,1020.70,46.4,44.6,93,0,0,1018.61,47.1,44.0,88,,40
2019-10-21 11:51:00,1020.70,46.0,44.1,92,2,0,1018.61,47.1,44.0,88,,74
2019-10-21 11:53:00,1020.70,46.9,44.1,89,2,0,1018.61,47.1,44.0,88,,74
2019-10-21 12:13:00,1021.00,46.9,45.0,92,0,0,1019.47,46.0,43.6,91,,215
2019-10-21 12:31:00,1021.00,46.9,46.0,96,2,340,1019.47,46.0,43.6,91,,249
2019-10-21 12:51:00,1021.00,48.0,46.0,92,2,10,1019.47,46.1,43.6,91,,73
2019-10-21 13:15:00,1020.70,50.0,46.9,89,0,0,1019.91,48.0,46.3,93,,213
2019-10-21 13:51:00,1020.00,55.9,46.9,71,4,40,1019.91,48.4,46.3,92,,2
2019-10-21 14:51:00,1020.80,57.9,43.0,57,4,80,,,,,,
2019-10-21 15:51:00,1020.32,60.1,45.0,57,5,0,,,,,,
2019-10-21 16:51:00,1019.64,62.1,46.0,55,5,110,,,,,,
2019-10-21 17:51:00,1020.09,62.1,46.0,55,6,100,,,,,,
2019-10-21 18:51:00,1019.30,61.0,45.0,55,9,80,,,,,,
2019-10-21 19:51:00,1019.98,61.0,46.0,57,5,100,,,,,,
2019-10-21 20:51:00,1020.39,59.0,45.0,59,4,130,,,,,,
2019-10-21 21:51:00,1020.66,54.0,45.0,71,5,160,,,,,,
2019-10-21 22:51:00,1021.67,51.1,46.0,82,0,0,,,,,,
2019-10-21 23:51:00,1022.10,50.0,46.0,86,0,0,,,,,,
2019-10-22 00:51:00,1022.00,46.9,45.0,92,0,0,1020.82,48.9,45.5,87,,60
2019-10-22 01:51:00,1022.70,44.1,41.0,88,5,290,1020.90,47.4,44.0,88,,327
2019-10-22 02:51:00,1022.70,45.0,42.1,89,0,0,1021.57,46.0,42.9,88,184.2,196
2019-10-22 03:48:00,1022.00,44.6,39.2,81,2,280,1021.72,43.4,40.7,90,,74
2019-10-22 03:51:00,1022.00,44.1,41.0,88,2,280,1021.72,43.4,40.7,90,,74
2019-10-22 04:14:00,1022.40,42.1,39.9,91,4,280,1021.01,42.4,39.7,90,,237
2019-10-22 04:31:00,1022.40,39.9,37.9,92,4,290,1021.01,42.4,39.7,90,,237
2019-10-22 04:51:00,1022.40,41.0,39.0,92,0,0,1021.01,42.4,39.7,90,,38
2019-10-22 05:51:00,1022.40,41.0,39.0,92,0,0,1021.17,42.6,38.6,85,,39
2019-10-22 06:51:00,1022.40,41.0,37.9,88,0,0,1021.47,42.7,39.8,89,,39
2019-10-22 07:51:00,1022.40,39.0,37.0,92,4,290,1021.29,42.2,39.2,89,,74
2019-10-22 08:51:00,1022.00,39.9,37.9,92,2,340,1021.14,42.0,39.3,89,,74
2019-10-22 09:51:00,1022.40,39.9,37.9,92,2,340,1021.15,41.8,39.8,92,,74
2019-10-22 10:51:00,1021.70,44.1,39.9,85,5,50,1021.11,42.2,39.9,91,,74
2019-10-22 11:51:00,1022.00,46.0,43.0,88,4,10,1020.71,43.3,41.2,92,,74
2019-10-22 12:51:00,1022.40,48.0,43.0,82,0,0,1021.14,44.7,42.2,90,,58
2019-10-22 13:51:00,1023.00,50.0,44.1,79,5,0,1021.43,46.4,44.3,92,,46
2019-10-22 14:51:00,1022.10,53.1,45.0,73,5,60,,,,,,
2019-10-22 15:51:00,1022.01,55.9,46.0,69,11,90,,,,,,
2019-10-22 16:30:00,1021.67,55.0,46.9,74,9,80,,,,,,
2019-10-22 16:51:00,1021.67,55.9,48.9,77,11,80,,,,,,
2019-10-22 17:51:00,1021.80,55.0,48.9,79,7,90,,,,,,
2019-10-22 18:05:00,1021.34,55.0,48.9,79,8,80,,,,,,
2019-10-22 18:51:00,1020.66,55.9,48.0,74,11,80,,,,,,
2019-10-22 19:51:00,1020.32,55.0,46.9,74,11,80,,,,,,
2019-10-22 20:51:00,1020.09,54.0,46.9,77,12,80,,,,,,
2019-10-22 21:51:00,1020.32,54.0,46.9,76,9,70,,,,,,
2019-10-22 22:18:00,1019.98,54.0,48.0,80,13,70,,,,,,
2019-10-22 22:51:00,1019.64,54.0,48.0,80,10,70,,,,,,
2019-10-22 23:51:00,1019.39,54.0,48.9,83,12,80,,,,,,
2019-10-23 00:51:00,1018.30,53.1,48.9,85,13,80,1018.09,53.4,50.1,88,,88
2019-10-23 01:51:00,1017.60,53.1,50.0,89,12,90,1017.11,53.1,50.0,89,,76
2019-10-23 02:20:00,1016.60,53.1,50.0,89,13,80,1016.55,53.1,50.2,89,,100
2019-10-23 02:30:00,1016.60,53.1,50.0,89,14,80,1016.55,53.1,50.2,89,,100
2019-10-23 02:43:00,1016.60,53.1,50.0,89,12,70,1016.55,53.1,50.2,89,,100
2019-10-23 02:51:00,1016.30,53.1,50.0,89,13,80,1016.55,53.1,50.2,89,,74
2019-10-23 03:04:00,1015.90,53.1,50.0,89,11,70,1015.21,52.6,50.5,92,,88
2019-10-23 03:51:00,1014.90,53.1,51.1,92,12,80,1015.21,52.6,50.5,92,,75
2019-10-23 04:04:00,1014.60,53.1,51.1,92,13,80,1013.89,52.6,50.9,94,,73
2019-10-23 04:12:00,1014.20,53.1,51.1,92,14,80,1013.89,52.6,50.9,94,,73
2019-10-23 04:32:00,1013.90,53.1,51.1,92,12,80,1013.89,52.6,50.9,94,,73
2019-10-23 04:51:00,1013.60,53.1,51.1,92,12,80,1013.89,52.6,50.9,94,,62
2019-10-23 05:26:00,1013.20,53.1,51.1,92,8,90,1012.72,52.7,51.2,94,,250
2019-10-23 05:34:00,1012.90,53.1,52.0,96,8,80,1012.72,52.7,51.2,94,,250
2019-10-23 05:51:00,1012.90,54.0,52.0,92,6,70,1012.72,52.7,51.2,94,,76
2019-10-23 05:58:00,1012.50,54.0,52.0,92,6,60,1011.61,53.3,51.7,94,,73
2019-10-23 06:20:00,1012.20,54.0,52.0,92,6,70,1011.61,53.3,51.7,94,,73
2019-10-23 06:29:00,1011.90,54.0,52.0,92,7,70,1011.61,53.3,51.7,94,,73
2019-10-23 06:37:00,1012.20,54.0,52.0,92,4,70,1011.61,53.3,51.7,94,,73
2019-10-23 06:44:00,1011.90,54.0,52.0,92,4,40,1011.61,53.3,51.7,94,,73
2019-10-23 06:51:00,1011.90,54.0,52.0,92,4,0,1011.61,53.3,51.7,94,,74
2019-10-23 06:59:00,1011.50,54.0,52.0,92,5,0,1010.63,53.4,51.7,94,,294
2019-10-23 07:09:00,1011.90,54.0,52.0,92,4,350,1010.63,53.4,51.7,94,,294
2019-10-23 07:18:00,1011.50,54.0,52.0,92,6,10,1010.63,53.4,51.7,94,,294
2019-10-23 07:28:00,1011.20,54.0,52.0,92,6,10,1010.63,53.4,51.7,94,,294
2019-10-23 07:48:00,1011.20,53.6,51.8,93,7,350,1010.63,53.4,51.7,94,,67
2019-10-23 07:51:00,1011.20,53.1,52.0,96,7,350,1010.63,53.4,51.7,94,,67
2019-10-23 07:56:00,1011.20,53.1,52.0,96,8,350,1010.07,53.3,51.4,93,,253
2019-10-23 08:14:00,1010.80,53.1,51.1,92,7,10,1010.07,53.3,51.4,93,,253
2019-10-23 08:18:00,1010.80,53.1,51.1,92,7,20,1010.07,53.3,51.4,93,,253
2019-10-23 08:24:00,1010.50,53.1,51.1,92,6,10,1010.07,53.3,51.4,93,,253
2019-10-23 08:49:00,1010.20,53.6,51.8,93,6,10,1010.07,53.3,51.4,93,,146
2019-10-23 08:51:00,1010.20,53.1,51.1,92,6,20,1010.07,53.3,51.4,93,,146
2019-10-23 09:14:00,1009.80,53.1,51.1,92,5,20,1009.24,53.2,51.6,94,,57
2019-10-23 09:51:00,1009.50,53.1,51.1,92,4,40,1009.24,53.2,51.6,94,,50
2019-10-23 10:48:00,1008.10,53.6,51.8,93,9,30,1008.41,52.8,51.2,94,178.6,232
2019-10-23 10:51:00,1007.80,53.1,51.1,92,8,40,1008.41,52.8,51.2,94,178.7,232
2019-10-23 11:24:00,1007.10,54.0,52.0,92,7,30,1007.24,52.9,51.5,94,,74
2019-10-23 11:51:00,1007.80,54.0,53.1,96,,,1007.24,52.9,51.5,94,,
2019-10-23 12:23:00,1007.10,53.1,51.1,92,7,340,1006.82,53.1,51.8,95,,252
2019-10-23 12:49:00,1007.10,53.6,51.8,93,6,320,1006.82,53.1,51.8,95,,74
2019-10-23 12:51:00,1007.10,53.1,51.1,92,6,320,1006.82,53.1,51.8,95,,74
2019-10-23 13:14:00,1007.80,53.1,51.1,92,6,320,1006.12,53.1,51.8,95,,74
2019-10-23 13:51:00,1007.10,52.0,50.0,92,13,320,1006.12,53.1,51.8,95,,250
2019-10-23 14:51:00,1007.57,53.1,50.0,89,9,330,,,,,,
2019-10-23 15:51:00,1006.44,55.9,51.1,83,9,340,,,,,,
2019-10-23 16:51:00,1007.11,60.1,52.0,74,12,310,,,,,,
2019-10-23 17:51:00,1007.17,63.0,52.0,67,12,300,,,,,,
2019-10-23 18:51:00,1007.45,64.0,52.0,65,11,340,,,,,,
2019-10-23 19:51:00,1008.47,64.9,43.0,44,12,290,,,,,,
2019-10-23 20:51:00,1009.88,62.1,43.0,49,8,310,,,,,,
2019-10-23 21:51:00,1011.18,57.9,42.1,55,8,270,,,,,,
2019-10-23 22:51:00,1012.19,57.0,37.0,47,8,270,,,,,,
2019-10-23 23:51:00,1013.98,55.9,37.0,48,6,250,,,,,,
2019-10-24 00:51:00,1014.90,53.1,37.9,56,4,230,1012.76,53.8,42.6,65,,138
2019-10-24 01:51:00,1015.90,52.0,37.9,58,4,240,1014.07,52.2,43.0,70,186.7,231
2019-10-24 02:51:00,1016.60,51.1,37.0,58,5,220,1014.99,49.6,41.1,72,,74
2019-10-24 03:51:00,1016.90,48.9,37.0,63,5,220,1015.76,49.2,40.9,72,,106
2019-10-24 04:51:00,1018.00,48.0,36.0,62,5,220,1016.27,47.9,39.8,73,,44
2019-10-24 05:51:00,1019.00,46.9,35.1,63,0,0,1017.24,46.9,39.0,73,,55
2019-10-24 06:51:00,1019.30,45.0,36.0,70,2,220,1018.01,45.9,38.5,75,,91
2019-10-24 07:51:00,1020.00,44.1,36.0,72,4,230,1018.40,44.8,38.4,77,,53
2019-10-24 08:51:00,1021.00,44.1,35.1,70,2,210,1019.24,43.4,38.0,81,,103
2019-10-24 09:51:00,1022.00,43.0,35.1,73,7,230,1020.24,42.6,37.4,81,,245
2019-10-24 10:51:00,1022.70,44.1,35.1,70,6,230,1021.11,41.9,37.4,83,,31
2019-10-24 11:51:00,1023.00,44.1,35.1,70,4,210,1021.65,42.8,37.1,80,,89
2019-10-24 12:51:00,1023.40,48.9,36.0,60,9,230,1021.94,43.3,37.0,78,,38
2019-10-24 13:51:00,1023.70,54.0,36.0,50,8,230,1022.66,47.7,38.2,69,,92
2019-10-24 14:51:00,1024.10,57.9,36.0,43,7,210,,,,,,
2019-10-24 15:51:00,1023.37,60.1,34.0,37,10,220,,,,,,
2019-10-24 16:51:00,1022.35,62.1,37.0,39,10,200,,,,,,
2019-10-24 17:51:00,1022.40,61.0,39.0,44,12,190,,,,,,
2019-10-24 18:51:00,1021.34,61.0,42.1,49,10,180,,,,,,
2019-10-24 19:51:00,1021.00,61.0,43.0,51,10,190,,,,,,
2019-10-24 20:51:00,1021.40,59.0,44.1,57,10,190,,,,,,
2019-10-24 21:51:00,1021.00,57.0,44.1,61,7,180,,,,,,
2019-10-24 22:51:00,1021.34,57.0,45.0,64,10,190,,,,,,
2019-10-24 23:51:00,1022.10,55.9,44.1,64,6,190,,,,,,
2019-10-25 00:51:00,1022.00,55.0,44.1,66,6,200,1020.67,54.6,47.6,77,187.2,230
2019-10-25 01:51:00,1022.70,55.0,41.0,59,4,230,1021.12,54.3,46.9,75,,32
2019-10-25 02:51:00,1023.40,53.1,39.9,60,4,230,1021.65,53.4,45.5,74,,247
2019-10-25 03:51:00,1023.40,54.0,37.9,54,7,230,1022.13,53.6,42.8,66,,41
2019-10-25 04:51:00,1023.00,54.0,37.9,54,7,220,1022.16,52.8,41.6,65,,74
2019-10-25 05:51:00,1023.70,50.0,39.0,65,0,0,1022.27,52.9,41.6,65,,33
2019-10-25 06:51:00,1024.40,48.0,39.0,70,4,290,1022.75,52.2,41.8,67,,98
2019-10-25 07:51:00,1024.40,46.9,39.0,73,5,290,1023.19,50.4,41.5,71,,141
2019-10-25 08:51:00,1024.70,48.9,39.9,70,4,350,1023.47,48.9,41.3,74,,88
2019-10-25 09:51:00,1025.10,48.9,39.9,70,2,300,1023.79,49.0,42.0,76,,71
2019-10-25 10:51:00,1025.70,46.9,41.0,79,0,0,1024.15,49.3,42.5,77,,39
2019-10-25 11:51:00,1026.10,48.0,41.0,76,0,0,1024.75,48.9,42.7,79,,356
2019-10-25 12:51:00,1026.40,50.0,43.0,76,0,0,1024.95,48.0,43.0,82,,18
2019-10-25 13:51:00,1026.80,52.0,42.1,68,0,0,1025.38,48.2,43.4,83,,327
2019-10-25 14:51:00,1026.81,54.0,43.0,66,0,0,,,,,,
2019-10-25 15:51:00,1026.41,54.0,42.1,64,0,0,,,,,,
2019-10-25 16:51:00,1025.40,55.0,41.0,59,5,210,,,,,,
2019-10-25 17:51:00,1025.50,55.9,41.0,57,0,0,,,,,,
2019-10-25 18:51:00,1024.38,55.9,43.0,61,3,150,,,,,,
2019-10-25 19:51:00,1023.37,54.0,41.0,61,5,170,,,,,,
2019-10-25 20:51:00,1023.50,53.1,39.0,58,4,170,,,,,,
2019-10-25 21:51:00,1023.03,51.1,39.9,65,0,0,,,,,,
2019-10-25 22:51:00,1023.03,51.1,41.0,68,3,350,,,,,,
2019-10-25 23:51:00,1023.50,52.0,41.0,66,0,0,,,,,,
2019-10-26 00:51:00,1022.70,50.0,42.1,74,0,0,1021.85,50.4,44.6,80,,35
2019-10-26 01:51:00,1023.00,48.9,44.1,83,0,0,1021.60,49.6,44.8,83,,327
2019-10-26 02:51:00,1023.00,48.9,46.0,89,0,0,1021.81,49.6,45.5,85,184.4,196
2019-10-26 03:51:00,1022.00,48.0,45.0,89,2,160,1021.92,49.0,45.8,88,112.3,6
2019-10-26 04:51:00,1021.70,48.0,44.1,86,0,0,1021.16,48.2,45.6,90,,359
2019-10-26 05:51:00,1021.70,48.0,45.0,89,0,0,1020.70,47.9,45.6,91,,30
2019-10-26 06:51:00,1021.30,46.9,44.1,89,2,250,1020.60,47.6,45.3,91,113.1,229
2019-10-26 07:51:00,1021.00,46.9,45.0,92,0,0,1020.21,47.1,45.2,93,,46
2019-10-26 08:51:00,1021.30,46.9,44.1,89,0,0,1019.98,46.8,45.2,94,184.4,196
2019-10-26 09:51:00,1021.70,46.9,44.1,89,0,0,1020.09,46.7,44.9,93,,33
2019-10-26 10:51:00,1021.70,46.9,45.0,92,0,0,1020.45,46.7,44.9,93,168.9,171
2019-10-26 11:51:00,1022.40,46.9,45.0,92,2,270,1020.81,46.5,44.9,93,,84
2019-10-26 12:51:00,1023.40,50.0,46.0,86,7,320,1021.48,46.9,45.2,93,,73
2019-10-26 13:51:00,1023.70,53.1,43.0,68,8,340,1022.45,48.1,45.8,91,76.8,200
2019-10-26 14:51:00,1024.10,54.0,37.9,54,8,320,,,,,,
2019-10-26 15:51:00,1023.37,55.9,35.1,45,11,360,,,,,,
2019-10-26 16:51:00,1023.37,57.0,35.1,43,10,340,,,,,,
2019-10-26 17:51:00,1023.50,57.9,35.1,42,11,310,,,,,,
2019-10-26 18:51:00,1023.03,57.9,35.1,42,6,300,,,,,,
2019-10-26 19:51:00,1023.71,55.9,34.0,43,7,320,,,,,,
2019-10-26 20:51:00,1024.50,55.9,37.0,48,0,0,,,,,,
2019-10-26 21:51:00,1024.72,51.1,39.9,65,5,180,,,,,,
2019-10-26 22:51:00,1025.40,48.9,41.0,74,3,190,,,,,,
2019-10-26 23:51:00,1026.21,45.0,39.9,82,0,0,,,,,,
2019-10-27 00:51:00,1026.10,45.0,39.9,82,0,0,1024.65,46.6,41.1,80,184.2,196
2019-10-27 01:51:00,1026.10,41.0,37.0,85,0,0,1024.90,45.2,39.9,81,,60
2019-10-27 02:51:00,1026.10,41.0,37.0,85,0,0,1024.84,43.2,38.1,82,,32
2019-10-27 03:51:00,1026.10,41.0,37.0,85,0,0,1025.19,42.1,36.9,81,,99
2019-10-27 04:51:00,,37.9,33.1,82,5,290,,42.3,36.9,81,,138
2019-10-27 05:51:00,,,,,,,,,,,,
2019-10-27 06:51:00,,,,,,,,,,,,
2019-10-27 07:51:00,,39.9,32.0,73,2,350,,39.8,35.7,85,,103
2019-10-27 08:51:00,,42.1,33.1,70,7,60,,40.0,35.6,84,,74
2019-10-27 09:51:00,,43.0,34.0,70,4,40,,41.5,36.6,82,,66
2019-10-27 10:51:00,,43.0,35.1,73,6,30,,43.0,37.6,81,,88
2019-10-27 11:51:00,,43.0,37.0,79,7,50,,44.1,38.0,79,,74
2019-10-27 12:51:00,,44.1,39.9,85,2,20,,44.7,39.6,82,,2
2019-10-27 13:51:00,,45.0,42.1,89,2,340,,46.1,41.2,83,,238
2019-10-27 14:51:00,,50.0,46.0,86,7,130,,,,,,
2019-10-27 15:51:00,1023.03,48.9,46.0,89,8,120,,,,,,
2019-10-27 16:51:00,1021.67,48.9,44.1,83,10,130,,,,,,
2019-10-27 17:51:00,1019.69,48.0,44.1,86,12,110,,,,,,
2019-10-27 18:03:00,1018.96,48.0,45.0,89,15,110,,,,,,
2019-10-27 18:10:00,1018.63,48.0,45.0,89,9,110,,,,,,
2019-10-27 18:47:00,1017.95,48.2,44.6,87,9,110,,,,,,
2019-10-27 18:51:00,1017.95,48.0,45.0,89,10,130,,,,,,
2019-10-27 19:51:00,1016.59,48.0,44.1,86,12,130,,,,,,
2019-10-27 20:51:00,1016.39,46.9,44.1,89,12,130,,,,,,
2019-10-27 21:51:00,1015.58,46.9,44.1,89,7,110,,,,,,
2019-10-27 22:51:00,1014.22,48.0,45.0,89,12,80,,,,,,
2019-10-27 23:51:00,1013.98,48.9,46.0,89,11,80,,,,,,
2019-10-28 00:51:00,1012.90,48.9,46.0,89,11,80,1012.53,48.1,46.2,93,,85
2019-10-28 01:51:00,1012.90,48.9,46.0,89,11,50,1011.83,48.2,46.2,92,161.0,205
2019-10-28 02:51:00,1012.50,48.0,45.0,89,7,20,1011.71,48.6,46.4,92,,122
2019-10-28 03:51:00,1012.50,46.0,44.1,92,8,0,1011.33,47.9,46.1,93,,89
2019-10-28 04:51:00,1013.20,46.0,44.1,92,11,340,1011.49,46.8,45.2,94,,74
2019-10-28 05:07:00,1013.20,46.0,44.1,92,11,350,1011.93,46.5,45.0,94,,65
2019-10-28 05:51:00,1013.90,46.0,44.1,92,11,10,1012.08,46.5,45.0,94,,74
2019-10-28 06:04:00,1013.60,46.0,43.0,88,7,20,1012.67,46.4,44.8,94,,73
2019-10-28 06:17:00,1014.20,46.0,43.0,88,9,0,1012.67,46.4,44.8,94,,73
2019-10-28 06:51:00,1014.60,46.0,43.0,88,7,10,1012.84,46.4,44.8,94,,74
2019-10-28 07:51:00,1015.60,46.0,43.0,88,7,10,1013.61,46.0,44.7,94,,73
2019-10-28 08:51:00,1016.90,46.0,44.1,92,7,350,1014.60,46.1,44.7,95,,73
2019-10-28 09:51:00,1018.30,46.0,44.1,92,7,0,1016.01,46.2,44.7,94,,74
2019-10-28 10:51:00,1019.70,46.0,44.1,92,5,0,1017.35,46.0,44.6,94,,76
2019-10-28 11:51:00,1021.00,46.0,44.1,92,6,0,1018.64,46.1,44.7,94,,28
2019-10-28 12:30:00,1021.30,46.9,44.1,89,7,10,1019.79,46.1,44.9,95,,73
2019-10-28 12:51:00,1021.70,48.0,44.1,86,7,10,1019.94,46.1,44.9,95,,76
2019-10-28 13:25:00,1022.40,48.0,45.0,89,7,0,1020.71,46.9,45.5,95,,75
2019-10-28 13:51:00,1022.70,48.0,45.0,89,7,0,1020.71,46.9,45.5,95,,74
2019-10-28 14:49:00,1023.37,50.0,44.6,81,4,0,,,,,,
2019-10-28 14:51:00,1023.80,50.0,45.0,82,6,50,,,,,,
2019-10-28 14:58:00,1023.71,48.9,45.0,86,5,50,,,,,,
2019-10-28 15:05:00,1023.71,50.0,45.0,82,6,30,,,,,,
2019-10-28 15:21:00,1024.04,50.0,45.0,82,5,50,,,,,,
2019-10-28 15:36:00,1024.04,50.0,45.0,82,5,30,,,,,,
2019-10-28 15:47:00,1024.04,50.0,44.6,81,7,40,,,,,,
2019-10-28 15:51:00,1024.04,50.0,45.0,82,6,40,,,,,,
2019-10-28 16:51:00,1024.04,52.0,44.1,74,5,80,,,,,,
2019-10-28 17:51:00,1024.50,52.0,44.1,74,4,90,,,,,,
2019-10-28 18:51:00,1024.72,51.1,44.1,76,3,120,,,,,,
2019-10-28 19:51:00,1025.06,51.1,44.1,76,5,90,,,,,,
2019-10-28 20:51:00,1026.21,50.0,45.0,82,8,110,,,,,,
2019-10-28 21:51:00,1026.41,48.9,45.0,86,0,0,,,,,,
2019-10-28 22:51:00,1027.09,50.0,45.0,82,0,0,,,,,,
2019-10-28 23:51:00,1027.91,48.9,45.0,86,3,140,,,,,,
2019-10-29 00:51:00,1027.80,48.9,45.0,86,0,0,1026.31,48.5,46.7,93,,184
2019-10-29 01:51:00,1027.80,48.0,45.0,89,0,0,1026.78,48.6,46.6,92,,215
2019-10-29 02:51:00,1027.80,48.0,46.0,92,0,0,1026.80,48.4,46.5,93,,40
2019-10-29 03:51:00,1027.80,48.0,46.0,92,0,0,1026.78,48.4,46.6,93,178.2,347
2019-10-29 04:15:00,1028.10,48.9,46.9,92,0,0,1026.83,48.3,46.5,93,,21
2019-10-29 04:51:00,1028.10,48.0,46.9,96,0,0,1026.83,48.3,46.5,93,,64
2019-10-29 05:15:00,1028.10,48.9,46.0,89,0,0,1026.99,48.4,46.8,94,,214
2019-10-29 05:37:00,1028.10,48.0,46.0,92,2,240,1026.99,48.4,46.8,94,,249
2019-10-29 05:44:00,1028.10,48.0,46.0,92,2,250,1026.99,48.4,46.8,94,,249
2019-10-29 05:51:00,1028.10,48.0,46.0,92,0,0,1026.99,48.4,46.8,94,184.6,196
2019-10-29 06:19:00,1028.50,48.9,46.0,89,0,0,1027.16,47.6,46.2,94,231.2,64
2019-10-29 06:35:00,1028.50,48.9,46.0,89,0,0,1027.16,47.6,46.2,94,231.2,64
2019-10-29 06:44:00,1028.50,48.0,46.0,92,0,0,1027.16,47.6,46.2,94,231.2,64
2019-10-29 06:51:00,1028.10,48.0,46.0,92,0,0,1027.16,47.6,46.2,94,,46
2019-10-29 07:00:00,1028.10,48.0,46.0,92,0,0,1027.22,47.6,46.1,94,,9
2019-10-29 07:51:00,1028.50,48.0,46.0,92,0,0,1027.22,47.6,46.1,94,,290
2019-10-29 08:27:00,1028.50,48.0,46.0,92,0,0,1027.39,47.7,46.0,93,,262
2019-10-29 08:38:00,1028.50,48.0,46.0,92,0,0,1027.39,47.7,46.0,93,,262
2019-10-29 08:46:00,1028.50,48.2,46.4,93,0,0,1027.39,47.7,46.0,93,,358
2019-10-29 08:51:00,1028.50,48.0,46.0,92,0,0,1027.39,47.7,46.0,93,,358
2019-10-29 08:58:00,1028.50,48.0,46.0,92,0,0,1027.42,47.7,46.0,93,,39
2019-10-29 09:30:00,1028.50,48.0,46.9,96,0,0,1027.42,47.7,46.0,93,,39
2019-10-29 09:51:00,1028.50,48.9,46.0,89,0,0,1027.42,47.7,46.0,93,,139
2019-10-29 10:29:00,1028.50,48.9,46.9,92,0,0,1027.42,47.9,46.3,94,,300
2019-10-29 10:51:00,1028.50,48.9,46.9,92,2,130,1027.42,47.9,46.3,94,,73
2019-10-29 11:51:00,1028.80,48.9,48.0,96,0,0,1027.45,48.3,46.6,93,,91
2019-10-29 12:51:00,1029.10,50.0,48.0,92,5,170,1027.75,48.9,47.2,93,,300
2019-10-29 13:51:00,1028.50,51.1,48.0,89,4,140,1028.18,49.9,48.2,93,,86
2019-10-29 13:54:00,1028.50,51.1,48.0,89,4,150,1028.18,49.9,48.2,93,,86
2019-10-29 14:00:00,1028.79,51.1,48.0,89,6,180,,,,,,
2019-10-29 14:51:00,1029.51,51.1,48.0,89,6,190,,,,,,
2019-10-29 15:51:00,1028.79,52.0,46.9,82,6,160,,,,,,
2019-10-29 16:51:00,1027.77,52.0,45.0,76,5,180,,,,,,
2019-10-29 17:51:00,1027.91,52.0,46.0,80,7,170,,,,,,
2019-10-29 18:51:00,1026.75,52.0,46.9,82,5,180,,,,,,
2019-10-29 19:51:00,1026.75,52.0,45.0,76,6,190,,,,,,
2019-10-29 20:51:00,1027.21,52.0,46.9,82,3,190,,,,,,
2019-10-29 21:02:00,1026.75,52.0,46.9,82,5,180,,,,,,
2019-10-29 21:11:00,1026.41,52.0,46.9,82,5,180,,,,,,
2019-10-29 21:18:00,1026.41,51.1,46.9,85,5,180,,,,,,
2019-10-29 21:31:00,1026.08,51.1,46.9,85,5,180,,,,,,
2019-10-29 21:51:00,1026.75,51.1,48.0,89,3,180,,,,,,
2019-10-29 21:58:00,1026.41,51.1,48.0,89,3,0,,,,,,
2019-10-29 22:51:00,1026.41,51.1,48.0,89,3,190,,,,,,
2019-10-29 23:51:00,1027.21,51.1,48.9,92,4,190,,,,,,
2019-10-30 00:06:00,1026.80,51.1,48.9,92,4,180,1025.59,51.5,49.5,93,,251
2019-10-30 00:14:00,1026.80,52.0,48.9,89,5,170,1025.59,51.5,49.5,92,,251
2019-10-30 00:28:00,1026.80,52.0,48.9,89,5,190,1025.59,51.5,49.5,92,,251
2019-10-30 00:51:00,1026.80,52.0,48.9,89,5,200,1025.59,51.5,49.5,92,,78
2019-10-30 01:51:00,1026.40,52.0,50.0,92,2,190,1025.63,51.5,49.8,93,,104
2019-10-30 02:51:00,1026.80,52.0,50.0,92,4,240,1025.46,51.9,50.0,93,,56
2019-10-30 03:51:00,1026.80,52.0,50.0,92,5,220,1025.59,52.0,50.2,93,,107
2019-10-30 03:58:00,1026.80,53.1,50.0,89,4,230,1025.77,52.2,50.5,93,178.3,250
2019-10-30 04:51:00,1027.10,53.1,51.1,92,5,230,1025.77,52.2,50.4,93,186.7,231
2019-10-30 05:51:00,1026.80,53.1,51.1,92,4,230,1025.96,52.4,50.7,93,125.8,241
2019-10-30 06:51:00,1026.10,53.1,51.1,92,4,200,1025.68,52.5,50.9,94,,103
2019-10-30 07:51:00,1025.40,53.1,51.1,92,7,200,1025.18,52.5,51.0,94,,75
2019-10-30 08:51:00,1025.70,52.0,50.0,92,6,210,1024.68,52.4,51.1,95,,49
2019-10-30 09:05:00,1025.70,52.0,51.1,96,5,220,1024.88,52.4,51.0,95,,104
2019-10-30 09:15:00,1025.70,52.0,51.1,96,7,210,1024.88,52.4,51.0,95,,104
2019-10-30 09:51:00,1025.70,53.1,50.0,89,5,240,1024.88,52.4,51.0,95,,286
2019-10-30 10:20:00,1025.70,53.1,50.0,89,5,230,1024.79,52.4,51.1,95,,74
2019-10-30 10:51:00,1026.10,53.1,51.1,92,5,220,1024.79,52.4,51.1,95,,74
2019-10-30 11:00:00,1026.10,52.0,50.0,92,4,220,1025.02,52.4,50.9,94,,78
2019-10-30 11:24:00,1026.10,52.0,51.1,96,5,210,1025.02,52.4,50.9,94,,78
2019-10-30 11:51:00,1026.40,52.0,51.1,96,5,190,1025.02,52.4,50.9,94,,139
2019-10-30 12:51:00,1026.80,53.1,51.1,92,6,200,1025.28,52.3,51.1,95,,28
2019-10-30 13:51:00,1026.40,55.0,52.0,89,5,220,1025.60,52.8,51.8,96,,68
2019-10-30 14:10:00,1026.41,55.0,52.0,89,5,210,,,,,,
2019-10-30 14:51:00,1026.81,55.9,52.0,86,4,230,,,,,,
2019-10-30 15:51:00,1026.08,57.9,53.1,84,6,220,,,,,,
2019-10-30 16:51:00,1025.40,59.0,54.0,83,6,190,,,,,,
2019-10-30 17:51:00,1025.20,61.0,54.0,77,6,180,,,,,,
2019-10-30 18:51:00,1024.38,60.1,55.0,83,6,130,,,,,,
2019-10-30 19:51:00,1024.04,59.0,54.0,83,5,160,,,,,,
2019-10-30 20:51:00,1024.80,59.0,54.0,83,3,150,,,,,,
2019-10-30 21:51:00,1024.38,57.0,53.1,86,6,180,,,,,,
2019-10-30 22:51:00,1024.38,57.0,53.1,86,3,170,,,,,,
2019-10-30 23:51:00,1024.50,55.9,53.1,90,7,180,,,,,,
2019-10-31 00:51:00,1023.40,55.9,53.1,90,5,170,1023.01,56.1,54.2,93,,241
2019-10-31 01:51:00,1023.00,55.9,53.1,90,6,160,1022.46,55.6,53.7,93,,75
2019-10-31 02:11:00,1023.00,55.9,53.1,90,2,160,1021.98,55.6,53.7,93,,74
2019-10-31 02:51:00,1022.00,55.0,54.0,96,0,0,1021.98,55.6,53.7,93,,38
2019-10-31 03:51:00,1021.00,55.9,54.0,93,4,90,1021.16,55.4,53.9,94,,74
2019-10-31 03:58:00,1021.00,55.9,54.0,93,4,100,1020.09,55.3,53.8,94,,75
2019-10-31 04:16:00,1020.70,55.9,54.0,93,4,90,1020.09,55.3,53.8,94,,75
2019-10-31 04:39:00,1020.70,55.9,54.0,93,4,100,1020.09,55.3,53.8,94,,75
2019-10-31 04:51:00,1020.30,55.9,54.0,93,4,90,1020.09,55.3,53.8,94,,74
2019-10-31 05:40:00,1019.70,55.9,54.0,93,5,90,1019.30,55.5,53.9,94,,238
2019-10-31 05:51:00,1019.30,55.9,54.0,93,5,80,1019.30,55.5,53.9,94,,74
2019-10-31 06:21:00,1018.60,55.9,54.0,93,5,80,1018.25,55.6,54.2,95,133.2,93
2019-10-31 06:42:00,1018.00,55.9,54.0,93,5,80,1018.24,55.6,54.2,95,133.2,93
2019-10-31 06:51:00,1018.00,55.9,55.0,96,2,60,1018.24,55.6,54.2,95,68.2,189
2019-10-31 07:09:00,1018.30,55.9,54.0,93,4,120,1017.03,55.4,54.3,96,,85
2019-10-31 07:16:00,1018.00,55.0,54.0,96,2,90,1017.03,55.4,54.3,96,,85
2019-10-31 07:46:00,1017.30,55.4,53.6,93,0,0,1017.03,55.4,54.3,96,,42
2019-10-31 07:51:00,1017.30,55.9,54.0,93,2,70,1017.03,55.4,54.3,96,,77
2019-10-31 08:04:00,1016.90,55.9,54.0,93,0,0,1016.19,55.8,54.6,95,,39
2019-10-31 08:34:00,1016.60,55.9,54.0,93,0,0,1016.19,55.8,54.6,95,,39
2019-10-31 08:51:00,1016.60,55.9,55.0,96,0,0,1016.19,55.8,54.5,95,,321
2019-10-31 09:51:00,1016.60,57.0,55.0,93,2,150,1015.77,55.9,54.7,95,,75
2019-10-31 10:44:00,1015.90,55.9,55.0,96,0,0,1015.57,55.7,54.4,95,,92
2019-10-31 10:51:00,1015.90,55.9,55.0,96,2,140,1015.57,55.7,54.4,95,,84
2019-10-31 11:44:00,1015.60,57.0,55.0,93,7,170,1014.88,55.7,54.6,96,227.5,87
2019-10-31 11:51:00,1015.60,57.0,55.9,96,9,180,1014.88,55.7,54.6,96,,75
2019-10-31 12:23:00,1015.20,57.9,55.9,93,8,170,1014.64,56.6,55.2,94,,42
2019-10-31 12:51:00,1014.60,57.9,57.0,96,12,180,1014.64,56.6,55.2,94,,76
2019-10-31 13:51:00,1014.20,59.0,57.0,93,12,180,1013.79,58.4,57.0,95,,61
2019-10-31 14:32:00,1013.55,57.9,55.9,93,8,200,,,,,,
2019-10-31 14:33:00,1013.55,57.9,55.9,93,9,190,,,,,,
2019-10-31 14:51:00,1013.68,57.9,55.9,93,11,190,,,,,,
2019-10-31 15:51:00,1012.19,60.1,57.9,92,6,180,,,,,,
2019-10-31 16:51:00,1010.84,60.1,57.9,92,8,190,,,,,,
2019-10-31 17:14:00,1010.50,60.1,59.0,96,9,180,,,,,,
2019-10-31 17:51:00,1010.28,60.1,57.9,92,9,190,,,,,,
2019-10-31 18:51:00,1009.14,61.0,60.1,96,10,190,,,,,,
2019-10-31 19:51:00,1008.13,62.1,60.1,93,14,180,,,,,,
2019-10-31 20:51:00,1007.87,61.0,59.0,93,13,190,,,,,,
2019-10-31 21:51:00,1006.44,61.0,59.0,93,13,190,,,,,,
2019-10-31 22:51:00,1006.10,61.0,57.9,89,14,180,,,,,,
2019-10-31 23:51:00,1005.87,61.0,57.9,89,12,190,,,,,,
2019-11-01 00:41:00,1004.40,61.0,57.9,89,14,190,1004.25,61.1,60.2,96,,74
2019-11-01 00:48:00,1004.10,60.8,57.2,87,14,190,1004.25,61.1,60.2,96,75.8,248
2019-11-01 00:51:00,1004.10,61.0,57.9,89,15,180,1004.25,61.1,60.2,96,75.8,248
2019-11-01 00:58:00,1004.10,61.0,57.9,89,14,180,1003.37,61.5,60.6,96,,91
2019-11-01 01:51:00,1003.40,62.1,59.0,89,14,190,1003.37,61.6,60.6,96,193.2,229
2019-11-01 02:40:00,1002.40,62.1,59.0,89,14,190,1002.54,61.7,60.5,95,,76
2019-11-01 02:51:00,1002.40,62.1,59.0,89,14,180,1002.54,61.7,60.5,95,192.0,229
2019-11-01 03:20:00,1002.00,62.1,60.1,93,14,190,1001.54,62.0,60.9,96,,275
2019-11-01 03:51:00,1001.00,62.1,60.1,93,18,180,1001.54,62.0,60.9,96,194.0,229
2019-11-01 04:51:00,1000.30,62.1,60.1,93,12,190,1000.44,62.2,61.4,97,,32
2019-11-01 05:51:00,999.30,62.1,60.1,93,14,190,999.23,62.5,61.4,96,,32
2019-11-01 06:51:00,997.60,62.1,60.1,93,17,180,998.34,62.2,61.2,96,,35
2019-11-01 07:51:00,995.30,63.0,61.0,93,19,180,996.83,62.3,61.5,97,,73
2019-11-01 08:19:00,994.60,63.0,60.1,90,15,170,994.40,62.7,61.7,96,,75
2019-11-01 08:51:00,993.60,63.0,60.1,90,20,180,994.40,62.7,61.7,96,,74
2019-11-01 09:17:00,995.30,63.0,60.1,90,14,230,993.13,62.9,61.7,96,,76
2019-11-01 09:22:00,995.30,63.0,59.0,86,17,250,993.13,62.9,61.7,96,,76
2019-11-01 09:28:00,995.30,63.0,57.9,83,14,240,993.13,62.9,61.7,96,,76
2019-11-01 09:42:00,995.90,62.1,55.9,80,13,230,993.13,62.9,61.7,96,,76
2019-11-01 09:51:00,996.30,61.0,55.0,80,15,240,993.13,62.9,61.7,96,,74
2019-11-01 10:51:00,997.30,57.0,50.0,77,9,230,995.57,60.0,58.5,94,,128
2019-11-01 11:51:00,999.70,54.0,42.1,64,11,240,996.84,57.0,53.3,87,91.7,124
2019-11-01 12:51:00,1002.40,52.0,35.1,52,21,260,998.92,53.4,45.5,74,,90
2019-11-01 13:51:00,1003.70,52.0,30.9,44,17,250,1001.79,52.0,39.5,62,,135
2019-11-01 14:51:00,1005.47,54.0,28.9,38,29,260,,,,,,
2019-11-01 15:51:00,1005.76,55.0,28.0,35,14,270,,,,,,
2019-11-01 16:51:00,1006.44,55.0,28.0,35,20,260,,,,,,
2019-11-01 17:51:00,1008.17,55.0,28.0,35,21,260,,,,,,
2019-11-01 18:51:00,1009.82,55.0,28.0,35,18,250,,,,,,
2019-11-01 19:51:00,1011.18,54.0,26.1,33,19,270,,,,,,
2019-11-01 20:51:00,1013.68,52.0,23.0,31,15,260,,,,,,
2019-11-01 21:51:00,1014.90,50.0,25.0,37,9,260,,,,,,
2019-11-01 22:51:00,1016.59,48.0,24.1,38,11,260,,,,,,
2019-11-02 00:51:00,1019.00,45.0,25.0,45,4,250,1016.82,46.1,29.4,51,,32
2019-11-02 01:51:00,1019.30,43.0,25.0,48,4,250,1017.52,44.6,30.1,56,,355
2019-11-02 02:51:00,1020.00,42.1,24.1,48,4,260,1018.31,42.9,29.4,58,,38
2019-11-02 03:51:00,1020.30,39.0,25.0,56,0,0,1019.02,40.7,30.2,65,,132
2019-11-02 04:51:00,1021.00,37.0,26.1,64,0,0,1019.43,38.5,29.3,69,,54
2019-11-02 05:51:00,1021.70,32.0,26.1,78,0,0,1020.13,36.7,28.5,71,,94
2019-11-02 06:51:00,1022.40,32.0,26.1,78,0,0,1020.68,33.9,27.4,76,,47
2019-11-02 07:51:00,1022.40,34.0,25.0,69,0,0,1021.13,34.1,27.6,76,,115
2019-11-02 08:51:00,1023.00,32.0,25.0,74,0,0,1021.25,33.2,27.1,77,,40
2019-11-02 09:51:00,1023.00,30.9,25.0,78,0,0,1021.78,33.8,26.8,75,,346
2019-11-02 10:51:00,1023.40,30.9,24.1,75,0,0,1022.14,33.3,26.6,75,,209
2019-11-02 11:51:00,1024.10,30.0,25.0,81,4,280,1022.45,32.4,26.2,77,,74
2019-11-02 12:51:00,1024.40,37.9,27.0,64,0,0,1022.92,32.4,25.9,76,184.1,196
2019-11-02 13:51:00,1024.40,41.0,26.1,54,,,1023.30,35.9,28.0,72,,
2019-11-02 14:51:00,1024.40,43.0,25.0,48,5,60,1023.38,39.6,29.8,67,,140
2019-11-02 15:51:00,1023.71,44.1,26.1,48,4,60,,,,,,
2019-11-02 16:51:00,1022.01,45.0,28.0,51,5,100,,,,,,
2019-11-02 17:51:00,1021.80,46.0,28.9,51,8,90,,,,,,
2019-11-02 18:51:00,1020.66,45.0,30.9,57,7,150,,,,,,
2019-11-02 19:51:00,1020.32,45.0,32.0,60,5,180,,,,,,
2019-11-02 20:51:00,1020.39,45.0,33.1,62,5,140,,,,,,
2019-11-02 21:51:00,1019.30,45.0,35.1,68,0,0,,,,,,
2019-11-02 22:51:00,1019.30,45.0,35.1,68,4,340,,,,,,
2019-11-02 23:23:00,1018.96,45.0,35.1,68,5,330,,,,,,
2019-11-02 23:51:00,1018.29,44.1,36.0,72,6,350,,,,,,
2019-11-02 23:58:00,1018.29,44.1,36.0,72,5,350,,,,,,
2019-11-03 00:06:00,1018.00,44.1,35.1,70,5,350,1017.24,44.2,37.2,76,,235
2019-11-03 00:38:00,1017.60,43.0,35.1,73,4,0,1017.24,44.1,37.2,76,,235
2019-11-03 00:51:00,1017.60,43.0,35.1,73,4,350,1017.24,44.1,37.2,76,183.0,231
2019-11-03 01:51:00,1016.90,41.0,34.0,75,2,350,1016.52,42.7,37.5,81,,80
2019-11-03 02:33:00,1016.60,41.0,35.1,79,2,330,1015.93,40.9,36.5,84,,115
2019-11-03 02:51:00,1016.60,42.1,35.1,75,2,230,1015.93,40.9,36.5,84,,355
2019-11-03 03:38:00,1016.30,42.1,35.1,75,0,0,1015.66,40.0,36.2,86,,43
2019-11-03 03:51:00,1016.30,41.0,34.0,75,0,0,1015.66,40.0,36.2,86,,45
2019-11-03 04:51:00,1015.90,37.0,33.1,85,4,280,1015.31,38.9,35.7,88,,74
2019-11-03 05:51:00,1015.20,36.0,33.1,89,2,260,1014.86,37.2,34.3,89,,355
2019-11-03 06:51:00,1014.90,35.1,32.0,88,2,260,1014.25,36.1,33.2,88,183.1,231
2019-11-03 07:51:00,1014.20,34.0,30.9,88,0,0,1013.84,35.1,32.1,88,,79
2019-11-03 08:51:00,1014.20,33.1,30.0,88,4,270,1013.18,34.0,31.1,88,183.9,231
2019-11-03 09:51:00,1014.20,32.0,28.9,88,5,280,1013.37,32.9,29.9,88,,121
2019-11-03 10:51:00,1014.20,33.1,30.0,88,4,270,1013.32,32.3,29.7,89,,128
2019-11-03 11:51:00,1014.60,33.1,30.0,88,4,280,1013.29,32.5,29.3,87,,121
2019-11-03 12:51:00,1014.90,37.0,33.1,85,6,270,1013.60,32.1,29.1,88,,130
2019-11-03 13:51:00,1015.20,43.0,35.1,73,6,280,1013.99,36.0,32.2,85,,74
2019-11-03 14:51:00,1015.60,48.9,35.1,58,7,280,1014.26,41.0,37.0,85,,84
2019-11-03 15:51:00,1015.24,51.1,32.0,47,7,280,,,,,,
2019-11-03 16:51:00,1014.90,52.0,30.9,44,4,0,,,,,,
2019-11-03 17:51:00,1014.98,52.0,28.9,40,7,290,,,,,,
2019-11-03 18:51:00,1014.90,53.1,28.0,37,5,240,,,,,,
2019-11-03 19:51:00,1015.24,52.0,28.0,39,12,280,,,,,,
2019-11-03 20:51:00,1016.39,50.0,27.0,40,9,280,,,,,,
2019-11-03 21:51:00,1016.59,48.0,26.1,42,5,250,,,,,,
2019-11-03 22:51:00,1017.61,46.9,26.1,43,7,260,,,,,,
2019-11-03 23:51:00,1018.63,44.1,26.1,48,8,280,,,,,,
2019-11-04 00:51:00,1019.70,43.0,25.0,48,5,260,1017.62,45.3,29.3,53,,74
2019-11-04 01:51:00,1020.00,39.9,26.1,57,0,0,1018.35,42.6,29.9,60,,295
2019-11-04 02:51:00,1020.70,37.9,26.1,61,2,260,1018.95,40.8,29.6,64,,119
2019-11-04 03:51:00,1021.00,41.0,26.1,54,8,270,1019.49,41.1,29.8,63,186.0,231
2019-11-04 04:51:00,1021.70,39.9,26.1,57,7,280,1020.08,40.5,29.6,64,186.5,231
2019-11-04 05:51:00,1022.00,39.9,26.1,57,7,260,1020.64,39.5,29.2,66,,33
2019-11-04 06:51:00,1022.70,39.0,26.1,59,7,270,1021.02,38.6,28.8,67,,344
2019-11-04 07:51:00,1023.00,37.9,26.1,61,7,270,1021.69,37.1,28.7,71,186.6,232
2019-11-04 08:51:00,1023.70,36.0,26.1,66,5,270,1022.22,36.0,28.0,72,,32
2019-11-04 09:51:00,1024.70,37.0,26.1,64,6,270,1022.91,34.7,27.9,76,,74
2019-11-04 10:51:00,1025.10,36.0,26.1,66,6,270,1023.64,33.6,27.7,78,,74
2019-11-04 11:51:00,1026.10,33.1,26.1,75,2,40,1024.47,33.1,27.3,79,,76
2019-11-04 12:51:00,1026.80,39.0,28.0,64,2,310,1025.05,32.8,27.3,80,,88
2019-11-04 13:51:00,1027.10,42.1,28.9,59,0,0,1025.68,36.2,30.1,78,,55
2019-11-04 14:51:00,1027.40,46.9,28.0,47,2,30,1026.00,41.4,33.2,72,,27
2019-11-04 15:51:00,1026.75,48.0,27.0,43,0,0,,,,,,
2019-11-04 16:51:00,1026.75,48.9,30.0,47,7,170,,,,,,
2019-11-04 17:51:00,1026.81,48.9,28.9,45,8,160,,,,,,
2019-11-04 18:51:00,1026.41,48.0,28.0,45,12,160,,,,,,
2019-11-04 19:51:00,1026.41,48.0,28.9,47,11,170,,,,,,
2019-11-04 20:51:00,1026.81,46.9,30.0,51,5,170,,,,,,
2019-11-04 21:51:00,1026.75,46.0,32.0,57,6,180,,,,,,
2019-11-04 22:51:00,1026.75,46.0,32.0,57,6,180,,,,,,
2019-11-04 23:51:00,1026.75,48.0,33.1,56,5,180,,,,,,
2019-11-05 00:51:00,1026.80,48.9,35.1,58,7,190,1025.81,46.1,35.8,66,,80
2019-11-05 01:51:00,1026.40,50.0,36.0,58,7,190,1025.84,46.7,37.1,69,,41
2019-11-05 02:51:00,1026.40,48.9,34.0,56,7,210,1025.53,48.3,38.2,68,,41
2019-11-05 03:51:00,1026.80,48.9,32.0,51,6,210,1025.47,48.5,37.6,65,,41
2019-11-05 04:51:00,1026.80,48.9,33.1,54,7,210,1025.77,48.1,37.1,65,,76
2019-11-05 06:51:00,1026.10,48.9,37.0,63,6,200,1025.45,48.1,37.2,65,,248
2019-11-05 07:51:00,1025.70,50.0,39.9,68,7,190,1025.14,48.3,38.9,69,,76
2019-11-05 08:51:00,1025.40,50.0,43.0,76,6,190,1024.71,48.6,40.5,73,,113
2019-11-05 09:51:00,1025.10,50.0,45.0,82,5,190,1024.45,48.8,42.9,80,,85
2019-11-05 10:49:00,1025.10,51.8,46.4,81,6,180,1024.29,48.6,43.9,83,,41
2019-11-05 10:51:00,1025.10,51.1,46.0,82,5,190,1024.29,48.6,43.9,83,,41
2019-11-05 11:14:00,1025.10,51.1,46.0,82,8,190,1024.06,48.9,44.9,86,,38
2019-11-05 11:51:00,1025.10,52.0,46.9,82,11,170,1024.06,48.9,44.9,86,,131
2019-11-05 12:51:00,1025.10,52.0,48.0,86,7,190,1024.09,48.6,45.0,87,185.6,230
2019-11-05 13:51:00,1024.40,53.1,46.9,79,7,190,1023.63,50.6,46.7,86,,135
2019-11-05 14:44:00,1024.10,53.1,48.0,82,8,170,1023.57,51.7,47.7,86,,141
2019-11-05 14:51:00,1024.10,53.1,48.0,82,8,190,1023.57,51.7,47.7,86,,106
2019-11-05 15:51:00,1023.37,53.1,48.0,82,10,180,,,,,,
2019-11-05 16:51:00,1022.01,55.0,48.0,77,6,190,,,,,,
2019-11-05 17:51:00,1021.40,53.1,48.9,85,9,170,,,,,,
2019-11-05 18:51:00,1020.32,53.1,48.9,85,11,170,,,,,,
2019-11-05 19:28:00,1019.98,51.1,48.0,89,8,190,,,,,,
2019-11-05 19:41:00,1019.64,51.1,48.0,89,12,170,,,,,,
2019-11-05 19:51:00,1019.64,51.1,48.0,89,11,160,,,,,,
2019-11-05 20:49:00,1018.96,51.8,48.2,87,3,180,,,,,,
2019-11-05 20:51:00,1019.69,51.1,48.0,89,4,210,,,,,,
2019-11-05 21:51:00,1018.96,51.1,48.0,89,3,290,,,,,,
2019-11-05 22:51:00,1017.61,50.0,48.0,92,3,10,,,,,,
2019-11-05 23:51:00,1016.93,48.9,46.9,92,4,180,,,,,,
2019-11-06 00:51:00,1017.60,50.0,48.0,92,5,200,1016.04,49.7,47.7,92,,77
2019-11-06 01:13:00,1017.60,50.0,48.0,92,5,220,1016.39,50.1,48.3,93,,75
2019-11-06 01:22:00,1017.60,51.1,48.9,92,7,220,1016.39,50.1,48.3,93,,75
2019-11-06 01:51:00,1017.60,51.1,48.9,92,6,230,1016.39,50.1,48.3,93,,75
2019-11-06 02:51:00,1017.60,50.0,46.9,89,6,220,1016.59,50.6,48.8,93,,176
2019-11-06 03:51:00,1018.00,50.0,46.0,86,7,240,1016.71,49.7,48.1,94,,70
2019-11-06 04:51:00,1018.00,48.9,43.0,79,8,270,1016.89,49.3,47.7,94,,25
2019-11-06 05:51:00,1018.30,48.0,39.9,73,9,280,1017.09,48.7,46.0,90,,73
2019-11-06 06:51:00,1018.60,46.9,39.0,73,8,290,1017.27,47.8,44.0,86,,73
2019-11-06 07:51:00,1019.30,42.1,35.1,75,6,290,1017.74,46.2,41.4,83,,88
2019-11-06 08:51:00,1020.30,42.1,35.1,75,4,270,1018.60,44.2,38.0,78,,344
2019-11-06 09:51:00,1021.00,39.0,34.0,81,0,0,1019.25,41.9,36.6,81,,114
2019-11-06 10:51:00,1021.30,37.0,32.0,81,5,230,1020.13,40.1,34.9,81,,145
2019-11-06 11:51:00,1022.70,37.9,30.9,75,4,220,1020.71,38.3,33.5,82,167.0,29
2019-11-06 12:51:00,1023.40,42.1,30.0,62,7,250,1021.61,37.6,33.0,83,,80
2019-11-06 13:51:00,1023.70,45.0,30.9,57,8,260,1022.51,41.6,33.1,71,177.1,220
2019-11-06 14:51:00,1023.70,46.9,28.9,49,13,260,1022.88,45.0,35.4,68,,169
2019-11-06 15:51:00,1023.71,48.9,27.0,42,14,280,,,,,,
2019-11-06 16:51:00,1023.37,50.0,23.0,34,16,280,,,,,,
2019-11-06 17:51:00,1023.80,50.0,21.9,32,15,290,,,,,,
2019-11-06 18:51:00,1023.71,51.1,23.0,32,8,280,,,,,,
2019-11-06 19:51:00,1024.04,50.0,21.9,32,8,270,,,,,,
2019-11-06 20:51:00,1025.20,48.0,21.0,34,10,270,,,,,,
2019-11-06 21:51:00,1025.40,46.0,19.0,33,4,240,,,,,,
2019-11-06 22:51:00,1025.74,39.0,21.0,48,4,280,,,,,,
2019-11-06 23:51:00,1026.41,37.9,21.0,50,3,200,,,,,,
2019-11-07 00:51:00,1026.40,39.0,19.9,45,5,230,1025.20,39.0,26.8,61,183.8,231
2019-11-07 01:51:00,1027.10,37.9,21.0,50,4,250,1025.38,37.0,26.2,64,184.9,231
2019-11-07 02:51:00,1026.40,37.0,21.0,51,2,230,1025.91,35.6,26.2,68,,138
2019-11-07 03:51:00,1026.10,33.1,21.9,63,2,210,1025.36,35.1,25.8,68,186.0,231
2019-11-07 04:51:00,1025.70,35.1,21.9,58,5,240,1025.02,35.2,25.4,67,184.1,231
2019-11-07 05:51:00,1025.40,36.0,21.9,56,5,260,1024.72,35.6,26.3,68,,130
2019-11-07 06:51:00,1024.70,36.0,21.9,56,0,0,1024.52,34.6,26.1,70,,7
2019-11-07 07:51:00,1024.40,36.0,23.0,58,0,0,1023.82,34.4,27.1,74,,95
2019-11-07 08:51:00,1023.70,37.0,21.9,53,5,240,1023.19,35.5,26.9,70,,41
2019-11-07 09:51:00,1023.00,37.0,21.9,53,2,240,1022.63,37.6,28.1,68,185.8,230
2019-11-07 10:51:00,1022.00,39.0,23.0,52,4,230,1021.86,38.1,28.2,67,,33
2019-11-07 11:51:00,1021.70,39.0,23.0,52,4,190,1021.00,39.8,28.4,63,,41
2019-11-07 12:51:00,1021.70,43.0,25.0,48,7,200,1020.86,39.9,27.7,61,,130
2019-11-07 13:51:00,1020.30,43.0,25.0,48,5,220,1020.62,42.3,29.0,59,,131
2019-11-07 14:51:00,1019.70,44.1,26.1,48,6,220,1019.44,43.2,30.1,59,,33
2019-11-07 15:51:00,1019.30,45.0,27.0,48,7,210,,,,,,
2019-11-07 16:51:00,1018.63,42.1,34.0,72,5,200,,,,,,
2019-11-07 17:51:00,1018.09,42.1,35.1,75,5,250,,,,,,
2019-11-07 18:51:00,1016.93,43.0,34.0,70,4,240,,,,,,
2019-11-07 19:51:00,1016.26,43.0,37.0,79,4,240,,,,,,
2019-11-07 20:51:00,1016.39,42.1,37.9,85,3,260,,,,,,
2019-11-07 21:34:00,1015.58,42.1,39.0,88,4,280,,,,,,
2019-11-07 21:51:00,1015.24,42.1,39.0,88,4,260,,,,,,
2019-11-07 22:51:00,1015.92,43.0,39.0,85,5,250,,,,,,
2019-11-08 00:42:00,1014.90,42.1,39.0,88,4,330,1014.51,42.0,39.9,92,,108
2019-11-08 00:51:00,1014.90,42.1,37.9,85,2,350,1014.51,42.0,39.9,92,,78
2019-11-08 00:59:00,1014.60,42.1,39.0,88,4,0,1013.87,41.7,39.4,91,,74
2019-11-08 01:43:00,1014.90,39.0,35.1,85,8,0,1013.87,41.7,39.4,91,,74
2019-11-08 01:51:00,1014.90,39.0,35.1,85,9,350,1013.87,41.7,39.4,91,,33
2019-11-08 02:51:00,1014.20,37.9,34.0,85,7,340,1013.62,40.2,38.1,92,,75
2019-11-08 02:59:00,1014.60,37.9,34.0,85,7,340,1013.25,38.7,36.5,91,,74
2019-11-08 03:21:00,1014.60,37.0,34.0,88,7,0,1013.25,38.7,36.5,91,,74
2019-11-08 03:51:00,1014.60,36.0,33.1,89,7,350,1013.25,38.7,36.5,91,,74
2019-11-08 04:08:00,1014.20,36.0,33.1,89,6,350,1013.38,37.0,35.2,92,,77
2019-11-08 04:51:00,1014.20,36.0,32.0,85,7,350,1013.38,37.0,35.2,92,,198
2019-11-08 05:51:00,1013.90,36.0,32.0,85,7,340,1013.03,36.2,34.4,93,,251
2019-11-08 06:51:00,1014.20,35.1,28.0,75,11,350,1012.65,35.7,33.4,91,,249
2019-11-08 07:51:00,1013.90,33.1,23.0,66,11,340,1012.98,34.7,31.0,86,,74
2019-11-08 08:51:00,1013.90,32.0,19.9,60,9,340,1012.81,33.6,26.6,75,,47
2019-11-08 09:51:00,1013.89,30.0,18.0,60,8,340,,,,,,
2019-11-08 10:51:00,1014.20,28.9,18.0,63,5,330,1012.78,30.6,22.4,71,,246
2019-11-08 11:51:00,1014.20,28.9,17.1,60,5,320,1013.00,29.5,21.2,70,,90
2019-11-08 12:51:00,1014.60,30.9,19.0,60,9,330,1013.18,28.3,21.4,74,,132
2019-11-08 13:51:00,1014.60,33.1,14.0,44,14,310,1013.53,30.6,21.7,69,,246
2019-11-08 14:51:00,1014.20,35.1,12.9,39,18,310,1013.41,33.5,19.4,55,77.8,213
2019-11-08 15:51:00,1014.22,35.1,14.0,41,18,310,,,,,,
2019-11-08 16:51:00,1013.89,36.0,12.9,38,17,330,,,,,,
2019-11-08 17:51:00,1014.68,34.0,10.9,37,16,330,,,,,,
2019-11-08 18:51:00,1014.56,34.0,12.0,39,18,330,,,,,,
2019-11-08 19:51:00,1015.58,32.0,10.9,40,17,330,,,,,,
2019-11-08 20:51:00,1016.99,30.9,12.0,44,20,310,,,,,,
2019-11-08 21:51:00,1017.95,30.0,12.9,48,18,310,,,,,,
2019-11-08 22:51:00,1018.96,28.0,14.0,55,9,300,,,,,,
2019-11-08 23:51:00,1019.64,28.0,14.0,55,8,290,,,,,,
2019-11-09 00:51:00,1020.30,28.0,14.0,55,5,280,1018.67,28.2,17.6,63,187.2,233
2019-11-09 01:51:00,1021.00,28.9,15.1,55,11,310,1019.38,27.6,17.6,65,,65
2019-11-09 02:51:00,1021.30,30.0,12.9,48,12,330,1019.78,27.8,17.7,65,,25
2019-11-09 03:51:00,1021.70,28.9,12.0,48,7,340,1020.10,28.1,16.9,62,,76
2019-11-09 04:51:00,1022.40,28.0,12.9,52,7,310,1020.83,27.4,16.7,63,,19
2019-11-09 05:51:00,1022.70,26.1,15.1,62,4,270,1021.38,26.3,16.2,65,,247
2019-11-09 06:51:00,1023.40,25.0,15.1,65,5,270,1021.79,25.6,17.4,70,,49
2019-11-09 07:51:00,1023.70,23.0,15.1,71,4,260,1022.32,24.3,16.4,71,,75
2019-11-09 08:51:00,1024.10,19.9,14.0,77,0,0,1022.65,23.1,16.6,75,,357
2019-11-09 09:51:00,1024.40,21.0,15.1,77,0,0,1022.92,22.4,17.2,80,,100
2019-11-09 10:51:00,1024.70,19.9,14.0,77,2,150,1023.27,21.6,16.8,81,,84
2019-11-09 11:51:00,1025.40,21.0,15.1,77,2,230,1023.76,21.1,16.6,82,,100
2019-11-09 12:51:00,1026.10,25.0,17.1,71,4,250,1024.39,20.9,16.3,82,,33
2019-11-09 13:51:00,1026.10,30.9,15.1,51,4,230,1025.14,24.2,18.9,80,193.6,18
2019-11-09 14:51:00,1025.70,33.1,12.0,41,4,230,1025.21,29.3,19.8,67,,57
2019-11-09 15:51:00,1025.40,35.1,10.0,34,8,180,,,,,,
2019-11-09 16:51:00,1024.38,37.9,10.0,31,9,170,,,,,,
2019-11-09 17:51:00,1023.80,37.9,10.0,31,9,190,,,,,,
2019-11-09 18:51:00,1023.03,37.0,16.0,41,11,160,,,,,,
2019-11-09 19:51:00,1022.69,37.0,15.1,40,10,160,,,,,,
2019-11-09 20:51:00,1022.80,36.0,18.0,47,7,190,,,,,,
2019-11-09 21:51:00,1022.35,35.1,18.0,49,6,190,,,,,,
2019-11-09 22:51:00,1022.69,34.0,16.0,47,4,200,,,,,,
2019-11-09 23:51:00,1022.69,33.1,10.9,39,6,210,,,,,,
2019-11-10 00:51:00,1022.40,34.0,8.1,33,7,220,1021.67,33.9,15.7,46,200.4,188
2019-11-10 01:51:00,1022.00,34.0,8.1,33,4,230,1021.36,34.2,14.8,44,,32
2019-11-10 02:51:00,1021.70,35.1,9.0,33,7,210,1021.01,34.8,13.5,40,,119
2019-11-10 03:51:00,1021.30,35.1,10.9,36,9,230,1020.72,35.4,14.4,41,,33
2019-11-10 04:51:00,1021.00,33.1,12.9,42,6,220,1019.91,35.1,15.5,44,,32
2019-11-10 05:51:00,1020.30,32.0,15.1,49,7,210,1019.79,34.0,17.3,49,,10
2019-11-10 06:51:00,1019.70,32.0,17.1,53,0,0,1019.41,32.5,18.9,56,,93
2019-11-10 07:51:00,1019.30,33.1,19.0,55,2,250,1018.69,33.0,20.9,60,,33
2019-11-10 08:51:00,1018.60,34.0,19.9,55,2,240,1018.29,34.3,22.7,62,,80
2019-11-10 09:51:00,1018.30,34.0,21.0,58,5,220,1017.61,34.6,23.8,64,,117
2019-11-10 10:51:00,1018.00,34.0,21.0,58,2,200,1017.18,34.8,24.4,65,,163
2019-11-10 11:51:00,1018.00,34.0,21.9,60,2,210,1016.89,34.8,24.5,65,,208
2019-11-10 12:51:00,1018.30,36.0,21.0,54,4,240,1016.97,35.0,24.9,66,,91
2019-11-10 13:51:00,1018.00,37.9,21.0,50,7,210,1017.33,36.0,25.1,64,,52
2019-11-10 14:51:00,1016.90,41.0,19.9,42,6,220,1016.79,37.5,25.1,60,,56
2019-11-10 15:51:00,1015.92,43.0,21.0,41,6,190,,,,,,
2019-11-10 16:51:00,1014.56,46.0,21.0,36,5,200,,,,,,
2019-11-10 17:51:00,1014.28,46.9,19.9,33,13,220,,,,,,
2019-11-10 18:51:00,1013.21,46.9,21.0,35,10,220,,,,,,
2019-11-10 19:51:00,1013.55,46.9,19.9,33,10,220,,,,,,
2019-11-10 20:51:00,1014.28,46.0,21.0,36,8,210,,,,,,
2019-11-10 21:51:00,1013.55,44.1,21.9,40,3,230,,,,,,
2019-11-10 22:51:00,1014.22,42.1,23.0,46,0,0,,,,,,
2019-11-10 23:51:00,1014.28,44.1,24.1,44,6,200,,,,,,
2019-11-11 00:51:00,1014.20,42.1,24.1,48,2,210,1013.14,42.3,29.2,59,,72
2019-11-11 01:51:00,1014.90,39.0,24.1,54,2,190,1013.35,42.4,29.1,59,185.5,231
2019-11-11 02:51:00,1015.20,39.9,24.1,52,2,230,1013.66,40.6,28.0,60,,33
2019-11-11 03:51:00,1014.90,41.0,25.0,52,0,0,1013.95,40.1,27.8,61,,56
2019-11-11 04:51:00,1015.20,43.0,26.1,50,6,240,1014.05,41.0,28.6,61,,54
2019-11-11 05:51:00,1015.60,44.1,27.0,50,7,230,1014.45,42.9,30.0,60,,146
2019-11-11 06:51:00,1016.30,43.0,27.0,52,7,230,1014.72,42.8,30.5,61,,32
2019-11-11 07:51:00,1016.30,43.0,28.0,55,7,220,1015.20,42.8,30.8,62,,32
2019-11-11 08:51:00,1017.30,43.0,28.0,55,6,240,1015.47,42.4,31.4,64,,32
2019-11-11 09:51:00,1017.60,43.0,28.0,55,8,230,1016.04,42.2,31.3,64,,32
2019-11-11 10:51:00,1018.30,43.0,28.0,55,6,220,1016.72,42.4,31.6,65,,41
2019-11-11 11:51:00,1019.00,42.1,28.9,59,2,270,1017.23,42.1,31.8,66,,31
2019-11-11 12:51:00,1020.70,43.0,30.0,59,4,0,1018.19,42.1,32.0,67,,182
2019-11-11 13:51:00,1021.00,43.0,30.9,62,7,30,1019.45,42.2,32.6,68,166.1,205
2019-11-11 14:51:00,1021.30,43.0,30.9,62,7,30,1019.89,42.6,33.7,70,,249
2019-11-11 15:51:00,1021.67,41.0,33.1,73,7,20,,,,,,
2019-11-11 16:51:00,1021.67,39.9,34.0,79,7,30,,,,,,
2019-11-11 17:51:00,1021.80,39.9,33.1,76,6,40,,,,,,
2019-11-11 18:51:00,1021.34,39.9,30.9,69,10,50,,,,,,
2019-11-11 19:22:00,1021.34,39.9,30.0,67,7,50,,,,,,
2019-11-11 19:51:00,1021.34,39.9,30.9,69,8,50,,,,,,
2019-11-11 20:51:00,1021.80,37.0,30.0,75,7,10,,,,,,
2019-11-11 21:51:00,1021.00,34.0,30.0,85,11,30,,,,,,
2019-11-11 22:18:00,1021.00,34.0,30.0,85,12,30,,,,,,
2019-11-11 22:51:00,1021.00,33.1,28.9,84,11,20,,,,,,
2019-11-11 23:51:00,1021.40,32.0,28.9,88,10,20,,,,,,
2019-11-12 00:51:00,1020.00,32.0,28.0,85,12,10,1019.78,33.0,30.5,90,,45
2019-11-12 01:27:00,1019.70,32.0,28.0,85,11,30,1018.92,32.7,30.3,90,,76
2019-11-12 01:51:00,1019.70,32.0,28.0,85,9,20,1018.92,32.7,30.3,90,,144
2019-11-12 02:20:00,1018.60,32.0,28.0,85,12,40,1018.34,32.4,30.1,91,,307
2019-11-12 02:51:00,1018.30,32.0,28.0,85,8,20,1018.34,32.4,30.1,91,,248
2019-11-12 03:51:00,1016.60,30.9,28.0,88,11,20,1017.09,32.2,30.2,92,,92
2019-11-12 04:51:00,1015.20,30.9,28.0,88,7,10,1015.66,31.8,29.8,92,,73
2019-11-12 05:51:00,1014.20,30.9,28.0,88,9,0,1014.20,31.7,29.8,92,,122
2019-11-12 06:51:00,1012.20,30.0,27.0,88,7,40,1013.21,31.3,29.5,93,,247
2019-11-12 07:51:00,1010.80,30.0,27.0,88,7,350,1011.16,30.9,29.0,92,,247
2019-11-12 08:51:00,1009.20,30.0,27.0,88,7,0,1009.60,31.0,29.3,93,,74
2019-11-12 09:39:00,1008.50,30.0,28.0,92,7,350,1007.99,30.5,28.8,93,,53
2019-11-12 09:51:00,1008.50,30.0,28.0,92,7,350,1007.99,30.5,28.8,93,,73
2019-11-12 10:51:00,1007.50,30.0,27.0,88,6,0,1007.33,30.7,28.6,91,,75
2019-11-12 11:51:00,1007.80,30.0,27.0,88,4,30,1006.66,30.7,28.5,91,,64
2019-11-12 12:51:00,1005.80,30.0,27.0,88,5,30,1006.62,30.2,28.7,94,,68
2019-11-12 13:51:00,1006.10,30.0,28.0,92,0,0,1004.86,30.3,28.9,94,,45
2019-11-12 14:33:00,1005.40,30.9,28.0,88,6,310,1004.87,30.5,29.0,94,,244
2019-11-12 14:51:00,1005.80,30.0,28.0,92,8,310,1004.87,30.5,29.0,94,,73
2019-11-12 15:39:00,1006.10,32.0,28.9,88,5,320,,,,,,
2019-11-12 15:51:00,1005.42,32.0,28.9,88,0,0,,,,,,
2019-11-12 15:53:00,1005.42,32.0,28.9,88,3,340,,,,,,
2019-11-12 16:51:00,1004.74,33.1,28.9,84,3,270,,,,,,
2019-11-12 17:51:00,1005.47,33.1,30.0,88,5,270,,,,,,
2019-11-12 18:03:00,1005.42,33.1,30.0,88,5,270,,,,,,
2019-11-12 18:10:00,1005.42,33.1,30.0,88,5,270,,,,,,
2019-11-12 18:11:00,1005.42,33.1,30.0,88,4,280,,,,,,
2019-11-12 18:51:00,1006.10,33.1,30.9,91,3,290,,,,,,
2019-11-12 19:08:00,1006.10,33.1,30.9,91,3,0,,,,,,
2019-11-12 19:41:00,1006.77,33.1,30.9,91,6,290,,,,,,
2019-11-12 19:51:00,1006.77,33.1,30.0,88,8,280,,,,,,
2019-11-12 20:22:00,1007.79,33.1,30.0,88,11,350,,,,,,
2019-11-12 20:51:00,1008.57,30.0,26.1,84,11,340,,,,,,
2019-11-12 21:51:00,1009.14,30.0,24.1,78,9,340,,,,,,
2019-11-12 22:51:00,1010.50,28.9,21.9,74,9,300,,,,,,
2019-11-12 23:39:00,1011.18,27.0,18.0,68,13,290,,,,,,
2019-11-12 23:51:00,1011.58,26.1,18.0,70,12,290,,,,,,
2019-11-13 00:51:00,1011.50,24.1,16.0,70,9,290,1010.20,27.3,21.7,79,,31
2019-11-13 01:51:00,1012.50,23.0,14.0,67,13,290,1010.79,25.1,19.7,79,,132
2019-11-13 02:51:00,1013.20,21.9,14.0,71,7,300,1011.40,24.2,17.9,76,,10
2019-11-13 03:51:00,1013.60,19.9,10.9,67,7,300,1011.89,22.4,15.2,73,,35
2019-11-13 04:51:00,1014.20,19.0,9.0,64,9,270,1012.63,20.8,13.8,73,,96
2019-11-13 05:51:00,1014.20,17.1,7.0,63,13,270,1012.99,19.3,11.2,70,,31
2019-11-13 06:51:00,1014.90,16.0,7.0,66,9,280,1013.27,18.0,10.3,71,,10
2019-11-13 07:51:00,1014.60,15.1,6.1,66,13,270,1013.69,16.7,9.1,71,,33
2019-11-13 08:51:00,1014.90,15.1,5.0,63,12,260,1013.70,15.8,7.6,69,,161
2019-11-13 09:51:00,1015.20,14.0,5.0,66,11,270,1013.93,15.0,7.7,72,,353
2019-11-13 10:51:00,1016.30,14.0,5.0,66,9,270,1014.60,14.7,7.4,72,89.3,120
2019-11-13 11:51:00,1017.30,14.0,3.9,63,7,280,1015.31,14.3,6.5,70,,109
2019-11-13 12:51:00,1018.00,16.0,6.1,64,14,300,1016.41,14.1,6.2,70,,123
2019-11-13 13:51:00,1018.60,18.0,8.1,64,14,290,1016.87,16.2,7.4,67,,358
2019-11-13 14:51:00,1020.30,19.9,8.1,59,15,300,1017.87,19.0,8.7,63,,31
2019-11-13 15:51:00,1020.32,21.9,9.0,56,16,310,,,,,,
2019-11-13 16:51:00,1020.66,24.1,10.9,56,11,300,,,,,,
2019-11-13 17:51:00,1021.80,26.1,10.9,52,14,330,,,,,,
2019-11-13 18:51:00,1022.01,26.1,12.0,54,15,290,,,,,,
2019-11-13 19:51:00,1023.37,26.1,10.0,49,10,310,,,,,,
2019-11-13 20:51:00,1025.20,24.1,10.0,54,11,290,,,,,,
2019-11-13 21:51:00,1026.08,21.9,9.0,56,9,290,,,,,,
2019-11-13 22:51:00,1027.09,21.0,8.1,56,10,300,,,,,,
2019-11-13 23:51:00,1028.51,19.9,8.1,59,5,340,,,,,,
2019-11-14 00:51:00,1028.80,19.9,7.0,56,8,330,1027.11,20.4,10.8,65,,36
2019-11-14 01:51:00,1029.80,19.0,7.0,58,2,230,1028.12,19.1,10.2,67,,54
2019-11-14 02:51:00,1030.50,17.1,8.1,67,2,200,1028.83,18.1,10.1,70,,56
2019-11-14 03:51:00,1031.20,15.1,8.1,73,4,280,1029.59,17.3,9.8,71,,130
2019-11-14 04:51:00,1031.50,16.0,8.1,70,4,280,1029.95,17.1,10.1,73,,50
2019-11-14 05:51:00,1031.20,15.1,7.0,69,0,0,1030.33,15.3,9.7,77,,56
2019-11-14 06:51:00,1031.80,15.1,8.1,73,4,270,1030.27,15.0,9.3,77,,32
2019-11-14 07:51:00,1032.20,14.0,8.1,76,4,220,1030.86,15.1,9.2,76,,134
2019-11-14 08:51:00,1032.20,14.0,7.0,73,0,0,1031.13,14.8,9.2,77,,42
2019-11-14 09:51:00,1032.50,14.0,8.1,76,0,0,1031.05,15.6,9.8,77,,100
2019-11-14 10:51:00,1032.50,14.0,8.1,76,0,0,1031.44,14.5,8.6,77,,357
2019-11-14 11:51:00,1032.50,14.0,9.0,79,4,330,1031.43,14.4,8.6,77,,100
2019-11-14 12:51:00,1032.90,19.0,12.0,73,4,340,1031.58,15.0,9.5,78,,27
2019-11-14 13:51:00,1032.90,24.1,12.0,59,4,340,1031.80,19.2,13.2,77,,41
2019-11-14 14:51:00,1032.90,25.0,12.9,59,2,340,1031.63,23.9,16.8,73,,33
2019-11-14 15:51:00,1032.17,28.0,17.1,63,3,280,,,,,,
2019-11-14 16:51:00,1031.16,30.9,16.0,53,5,210,,,,,,
2019-11-14 17:51:00,1030.61,33.1,17.1,51,6,210,,,,,,
2019-11-14 18:51:00,1029.46,33.1,16.0,48,6,210,,,,,,
2019-11-14 19:51:00,1029.46,33.1,14.0,44,5,230,,,,,,
2019-11-14 20:51:00,1028.91,33.1,17.1,51,5,220,,,,,,
2019-11-14 21:51:00,1028.11,33.1,17.1,51,0,0,,,,,,
2019-11-14 22:51:00,1027.43,32.0,18.0,55,0,0,,,,,,
2019-11-14 23:51:00,1027.21,30.9,18.0,58,0,0,,,,,,
2019-11-15 00:51:00,1025.70,30.9,19.0,60,0,0,1025.65,31.9,22.4,67,,30
2019-11-15 00:58:00,1025.70,30.9,19.9,63,0,0,1024.66,31.8,22.0,66,,8
2019-11-15 01:51:00,1025.40,30.9,19.9,63,2,310,1024.66,31.8,22.0,66,,70
2019-11-15 02:51:00,1025.10,30.9,19.9,63,,,1024.44,31.9,23.2,70,,
2019-11-15 03:51:00,1024.70,30.9,21.0,66,0,0,1024.20,31.7,23.5,71,,348
2019-11-15 04:51:00,1024.10,30.0,21.0,68,0,0,1023.63,31.8,24.3,73,,51
2019-11-15 05:51:00,1023.40,30.0,21.0,68,0,0,1023.04,30.9,24.4,76,183.8,196
2019-11-15 06:51:00,1022.70,30.9,21.0,66,0,0,1022.22,30.9,24.0,75,,358
2019-11-15 07:51:00,1021.70,30.0,21.0,68,2,200,1021.71,30.7,24.4,76,,41
2019-11-15 08:51:00,1021.30,28.0,21.0,74,2,270,1020.85,30.8,24.5,77,,120
2019-11-15 09:51:00,1021.00,28.9,21.9,74,2,220,1020.48,29.0,23.4,79,,74
2019-11-15 10:51:00,1020.70,28.9,21.9,74,2,220,1020.27,29.0,24.3,82,,100
2019-11-15 11:51:00,1020.30,30.0,21.9,71,4,220,1019.77,29.1,24.6,82,,32
2019-11-15 12:51:00,1020.00,33.1,21.9,63,7,230,1019.53,29.1,24.1,81,,32
2019-11-15 13:51:00,1019.30,37.9,21.9,52,7,230,1018.97,32.5,25.0,73,,51
2019-11-15 14:51:00,1019.00,41.0,21.9,46,13,220,1018.36,37.4,26.1,63,,33
2019-11-15 15:51:00,1017.95,43.0,23.0,44,9,230,,,,,,
2019-11-15 16:51:00,1017.27,45.0,23.0,41,11,250,,,,,,
2019-11-15 17:51:00,1016.69,46.0,21.9,38,10,240,,,,,,
2019-11-15 18:51:00,1015.92,46.9,21.9,36,9,240,,,,,,
2019-11-15 19:51:00,1015.58,48.0,21.9,35,5,220,,,,,,
2019-11-15 20:51:00,1015.99,46.0,23.0,39,5,270,,,,,,
2019-11-15 21:51:00,1016.26,45.0,25.0,45,11,270,,,,,,
2019-11-15 22:51:00,1016.59,44.1,25.0,46,12,260,,,,,,
2019-11-15 23:51:00,1016.99,42.1,25.0,50,6,250,,,,,,
2019-11-16 00:51:00,1016.60,42.1,25.0,50,12,280,1015.85,41.3,27.8,58,1.2,279
2019-11-16 01:51:00,1017.60,41.0,24.1,50,6,250,1016.80,40.0,27.2,59,2.0,321
2019-11-16 02:51:00,1019.30,39.0,24.1,54,13,340,1018.48,38.0,25.8,61,3.5,325
2019-11-16 03:51:00,1021.00,36.0,18.0,47,18,300,1019.51,35.4,23.5,61,2.7,314
2019-11-16 04:51:00,1023.00,34.0,16.0,47,13,300,1021.84,33.6,20.0,57,3.0,339
2019-11-16 05:51:00,1023.70,30.9,8.1,37,18,310,1022.86,30.4,14.0,49,5.6,326
2019-11-16 06:51:00,1025.40,28.9,6.1,37,13,320,1024.68,29.1,10.1,44,3.4,338
2019-11-16 07:51:00,1027.10,26.1,3.9,37,18,340,1026.09,26.5,8.1,45,3.8,342
2019-11-16 08:51:00,1027.80,24.1,1.9,37,13,330,1027.28,23.7,4.4,42,2.9,349
2019-11-16 09:51:00,1029.50,21.9,-4.0,31,18,340,1028.65,21.7,1.9,41,3.0,337
2019-11-16 10:51:00,1030.80,21.0,-2.9,33,13,330,1029.70,20.4,2.5,44,2.6,326
2019-11-16 11:51:00,1032.20,19.9,1.0,42,8,330,1031.16,20.6,3.1,45,1.8,326
2019-11-16 12:51:00,1032.90,21.9,1.9,41,11,320,1032.23,22.5,5.5,47,3.0,326
2019-11-16 13:51:00,1033.50,23.0,3.0,41,12,320,1032.59,24.3,7.6,48,3.0,322
2019-11-16 14:51:00,1033.20,26.1,5.0,39,12,320,1032.37,27.6,8.4,43,3.8,340
2019-11-16 15:51:00,1033.20,28.0,3.0,33,14,330,1032.18,29.0,7.4,39,2.8,341
2019-11-16 16:51:00,1032.90,30.0,3.0,30,14,310,1031.63,30.2,6.8,36,3.5,336
2019-11-16 17:51:00,1032.50,30.0,-0.0,26,13,340,1031.14,30.8,6.4,35,1.9,319
2019-11-16 18:51:00,1031.50,32.0,-0.9,23,8,320,1030.51,31.3,4.0,30,1.9,328
2019-11-16 19:51:00,1031.80,30.9,-2.0,23,11,320,1030.73,30.9,4.1,31,2.4,339
2019-11-16 20:51:00,1031.80,30.0,-0.9,25,6,330,1031.12,29.7,3.1,31,1.0,347
2019-11-16 21:51:00,1032.90,28.0,-0.0,29,9,330,1032.10,28.1,4.6,36,1.2,334
2019-11-16 22:51:00,1033.90,25.0,1.9,36,6,320,1032.90,26.5,6.0,40,0.8,342
2019-11-16 23:51:00,1033.90,25.0,1.9,36,5,340,1032.96,25.6,6.8,44,0.8,351
2019-11-17 00:51:00,1033.90,24.1,1.9,37,0,0,1032.85,24.6,6.9,46,1.2,326
2019-11-17 01:51:00,1034.20,21.9,3.0,43,5,350,1033.18,23.5,7.1,48,1.2,2
2019-11-17 02:51:00,1034.20,23.0,3.9,43,8,350,1033.24,22.5,7.4,51,1.3,356
2019-11-17 03:51:00,1033.90,21.9,3.9,45,4,0,1033.15,21.9,8.0,54,0.9,345
