35015785294,2300820195,G045255016,9/1/2020 12:00:00 AM,10,0.584
35015785294,2300820195,G045255016,9/1/2020 1:00:00 AM,10,0.505
35015785294,2300820195,G045255016,9/1/2020 2:00:00 AM,10,0.497
35015785294,2300820195,G045255016,9/1/2020 3:00:00 AM,10,0.534
35015785294,2300820195,G045255016,9/1/2020 4:00:00 AM,10,0.622
35015785294,2300820195,G045255016,9/1/2020 5:00:00 AM,10,0.555
35015785294,2300820195,G045255016,9/1/2020 6:00:00 AM,10,0.569
35015785294,2300820195,G045255016,9/1/2020 7:00:00 AM,10,0.471
35015785294,2300820195,G045255016,9/1/2020 8:00:00 AM,10,0.514
35015785294,2300820195,G045255016,9/1/2020 9:00:00 AM,10,0.610
35015785294,2300820195,G045255016,9/1/2020 10:00:00 AM,10,0.499
35015785294,2300820195,G045255016,9/1/2020 11:00:00 AM,10,0.466
35015785294,2300820195,G045255016,9/1/2020 12:00:00 PM,10,0.659
35015785294,2300820195,G045255016,9/1/2020 1:00:00 PM,10,0.611
35015785294,2300820195,G045255016,9/1/2020 2:00:00 PM,10,0.536
35015785294,2300820195,G045255016,9/1/2020 3:00:00 PM,10,0.494
35015785294,2300820195,G045255016,9/1/2020 4:00:00 PM,10,0.485
35015785294,2300820195,G045255016,9/1/2020 5:00:00 PM,10,0.573
35015785294,2300820195,G045255016,9/1/2020 6:00:00 PM,10,0.584
35015785294,2300820195,G045255016,9/1/2020 7:00:00 PM,10,1.325
35015785294,2300820195,G045255016,9/1/2020 8:00:00 PM,10,1.977
35015785294,2300820195,G045255016,9/1/2020 9:00:00 PM,10,2.507
35015785294,2300820195,G045255016,9/1/2020 10:00:00 PM,10,4.243
35015785294,2300820195,G045255016,9/1/2020 11:00:00 PM,10,1.688
35015785294,2300820195,G045255016,9/2/2020 12:00:00 AM,10,1.911
35015785294,2300820195,G045255016,9/2/2020 1:00:00 AM,10,1.861
35015785294,2300820195,G045255016,9/2/2020 2:00:00 AM,10,1.733
35015785294,2300820195,G045255016,9/2/2020 3:00:00 AM,10,1.890
35015785294,2300820195,G045255016,9/2/2020 4:00:00 AM,10,1.747
35015785294,2300820195,G045255016,9/2/2020 5:00:00 AM,10,1.763
35015785294,2300820195,G045255016,9/2/2020 6:00:00 AM,10,1.735
35015785294,2300820195,G045255016,9/2/2020 7:00:00 AM,10,1.718
35015785294,2300820195,G045255016,9/2/2020 8:00:00 AM,10,1.770
35015785294,2300820195,G045255016,9/2/2020 9:00:00 AM,10,1.779
35015785294,2300820195,G045255016,9/2/2020 10:00:00 AM,10,1.621
35015785294,2300820195,G045255016,9/2/2020 11:00:00 AM,10,0.862
35015785294,2300820195,G045255016,9/2/2020 12:00:00 PM,10,1.862
35015785294,2300820195,G045255016,9/2/2020 1:00:00 PM,10,2.220
35015785294,2300820195,G045255016,9/2/2020 2:00:00 PM,10,2.401
35015785294,2300820195,G045255016,9/2/2020 3:00:00 PM,10,2.344
35015785294,2300820195,G045255016,9/2/2020 4:00:00 PM,10,2.326
35015785294,2300820195,G045255016,9/2/2020 5:00:00 PM,10,2.333
35015785294,2300820195,G045255016,9/2/2020 6:00:00 PM,10,2.585
35015785294,2300820195,G045255016,9/2/2020 7:00:00 PM,10,2.364
35015785294,2300820195,G045255016,9/2/2020 8:00:00 PM,10,2.274
35015785294,2300820195,G045255016,9/2/2020 9:00:00 PM,10,2.393
35015785294,2300820195,G045255016,9/2/2020 10:00:00 PM,10,2.992
35015785294,2300820195,G045255016,9/2/2020 11:00:00 PM,10,3.344
35015785294,2300820195,G045255016,9/3/2020 12:00:00 AM,10,2.507
35015785294,2300820195,G045255016,9/3/2020 1:00:00 AM,10,2.513
35015785294,2300820195,G045255016,9/3/2020 2:00:00 AM,10,2.499
35015785294,2300820195,G045255016,9/3/2020 3:00:00 AM,10,2.612
35015785294,2300820195,G045255016,9/3/2020 4:00:00 AM,10,2.573
35015785294,2300820195,G045255016,9/3/2020 5:00:00 AM,10,2.680
35015785294,2300820195,G045255016,9/3/2020 6:00:00 AM,10,2.627
35015785294,2300820195,G045255016,9/3/2020 7:00:00 AM,10,2.097
35015785294,2300820195,G045255016,9/3/2020 8:00:00 AM,10,1.187
35015785294,2300820195,G045255016,9/3/2020 9:00:00 AM,10,1.075
35015785294,2300820195,G045255016,9/3/2020 10:00:00 AM,10,0.957
35015785294,2300820195,G045255016,9/3/2020 11:00:00 AM,10,0.958
35015785294,2300820195,G045255016,9/3/2020 12:00:00 PM,10,0.944
35015785294,2300820195,G045255016,9/3/2020 1:00:00 PM,10,1.337
35015785294,2300820195,G045255016,9/3/2020 2:00:00 PM,10,1.951
35015785294,2300820195,G045255016,9/3/2020 3:00:00 PM,10,1.867
35015785294,2300820195,G045255016,9/3/2020 4:00:00 PM,10,1.863
35015785294,2300820195,G045255016,9/3/2020 5:00:00 PM,10,1.884
35015785294,2300820195,G045255016,9/3/2020 6:00:00 PM,10,2.142
35015785294,2300820195,G045255016,9/3/2020 7:00:00 PM,10,3.185
35015785294,2300820195,G045255016,9/3/2020 8:00:00 PM,10,3.241
35015785294,2300820195,G045255016,9/3/2020 9:00:00 PM,10,3.115
35015785294,2300820195,G045255016,9/3/2020 10:00:00 PM,10,2.975
35015785294,2300820195,G045255016,9/3/2020 11:00:00 PM,10,2.653
35015785294,2300820195,G045255016,9/4/2020 12:00:00 AM,10,1.649
35015785294,2300820195,G045255016,9/4/2020 1:00:00 AM,10,1.845
35015785294,2300820195,G045255016,9/4/2020 2:00:00 AM,10,1.779
35015785294,2300820195,G045255016,9/4/2020 3:00:00 AM,10,1.661
35015785294,2300820195,G045255016,9/4/2020 4:00:00 AM,10,1.649
35015785294,2300820195,G045255016,9/4/2020 5:00:00 AM,10,2.508
35015785294,2300820195,G045255016,9/4/2020 6:00:00 AM,10,2.310
35015785294,2300820195,G045255016,9/4/2020 7:00:00 AM,10,2.190
35015785294,2300820195,G045255016,9/4/2020 8:00:00 AM,10,2.671
35015785294,2300820195,G045255016,9/4/2020 9:00:00 AM,10,2.114
35015785294,2300820195,G045255016,9/4/2020 10:00:00 AM,10,1.883
35015785294,2300820195,G045255016,9/4/2020 11:00:00 AM,10,1.620
35015785294,2300820195,G045255016,9/4/2020 12:00:00 PM,10,1.789
35015785294,2300820195,G045255016,9/4/2020 1:00:00 PM,10,1.891
35015785294,2300820195,G045255016,9/4/2020 2:00:00 PM,10,1.977
35015785294,2300820195,G045255016,9/4/2020 3:00:00 PM,10,1.769
35015785294,2300820195,G045255016,9/4/2020 4:00:00 PM,10,1.695
35015785294,2300820195,G045255016,9/4/2020 5:00:00 PM,10,1.780
35015785294,2300820195,G045255016,9/4/2020 6:00:00 PM,10,2.049
35015785294,2300820195,G045255016,9/4/2020 7:00:00 PM,10,1.689
35015785294,2300820195,G045255016,9/4/2020 8:00:00 PM,10,1.480
35015785294,2300820195,G045255016,9/4/2020 9:00:00 PM,10,2.518
35015785294,2300820195,G045255016,9/4/2020 10:00:00 PM,10,2.715
35015785294,2300820195,G045255016,9/4/2020 11:00:00 PM,10,2.365
35015785294,2300820195,G045255016,9/5/2020 12:00:00 AM,10,2.233
35015785294,2300820195,G045255016,9/5/2020 1:00:00 AM,10,1.020
35015785294,2300820195,G045255016,9/5/2020 2:00:00 AM,10,0.755
35015785294,2300820195,G045255016,9/5/2020 3:00:00 AM,10,0.688
35015785294,2300820195,G045255016,9/5/2020 4:00:00 AM,10,0.654
35015785294,2300820195,G045255016,9/5/2020 5:00:00 AM,10,0.745
35015785294,2300820195,G045255016,9/5/2020 6:00:00 AM,10,1.735
35015785294,2300820195,G045255016,9/5/2020 7:00:00 AM,10,2.171
35015785294,2300820195,G045255016,9/5/2020 8:00:00 AM,10,2.054
35015785294,2300820195,G045255016,9/5/2020 9:00:00 AM,10,2.156
35015785294,2300820195,G045255016,9/5/2020 10:00:00 AM,10,1.550
35015785294,2300820195,G045255016,9/5/2020 11:00:00 AM,10,1.010
35015785294,2300820195,G045255016,9/5/2020 12:00:00 PM,10,1.085
35015785294,2300820195,G045255016,9/5/2020 1:00:00 PM,10,1.048
35015785294,2300820195,G045255016,9/5/2020 2:00:00 PM,10,1.115
35015785294,2300820195,G045255016,9/5/2020 3:00:00 PM,10,1.060
35015785294,2300820195,G045255016,9/5/2020 4:00:00 PM,10,1.063
35015785294,2300820195,G045255016,9/5/2020 5:00:00 PM,10,1.092
35015785294,2300820195,G045255016,9/5/2020 6:00:00 PM,10,1.423
35015785294,2300820195,G045255016,9/5/2020 7:00:00 PM,10,0.932
35015785294,2300820195,G045255016,9/5/2020 8:00:00 PM,10,1.561
35015785294,2300820195,G045255016,9/5/2020 9:00:00 PM,10,2.227
35015785294,2300820195,G045255016,9/5/2020 10:00:00 PM,10,2.347
35015785294,2300820195,G045255016,9/5/2020 11:00:00 PM,10,2.204
35015785294,2300820195,G045255016,9/6/2020 12:00:00 AM,10,1.888
35015785294,2300820195,G045255016,9/6/2020 1:00:00 AM,10,0.904
35015785294,2300820195,G045255016,9/6/2020 2:00:00 AM,10,0.648
35015785294,2300820195,G045255016,9/6/2020 3:00:00 AM,10,0.637
35015785294,2300820195,G045255016,9/6/2020 4:00:00 AM,10,0.721
35015785294,2300820195,G045255016,9/6/2020 5:00:00 AM,10,0.821
35015785294,2300820195,G045255016,9/6/2020 6:00:00 AM,10,1.902
35015785294,2300820195,G045255016,9/6/2020 7:00:00 AM,10,2.227
35015785294,2300820195,G045255016,9/6/2020 8:00:00 AM,10,2.090
35015785294,2300820195,G045255016,9/6/2020 9:00:00 AM,10,2.135
35015785294,2300820195,G045255016,9/6/2020 10:00:00 AM,10,1.214
35015785294,2300820195,G045255016,9/6/2020 11:00:00 AM,10,4.096
35015785294,2300820195,G045255016,9/6/2020 12:00:00 PM,10,1.635
35015785294,2300820195,G045255016,9/6/2020 1:00:00 PM,10,0.909
35015785294,2300820195,G045255016,9/6/2020 2:00:00 PM,10,0.893
35015785294,2300820195,G045255016,9/6/2020 3:00:00 PM,10,0.929
35015785294,2300820195,G045255016,9/6/2020 4:00:00 PM,10,0.948
35015785294,2300820195,G045255016,9/6/2020 5:00:00 PM,10,0.973
35015785294,2300820195,G045255016,9/6/2020 6:00:00 PM,10,0.938
35015785294,2300820195,G045255016,9/6/2020 7:00:00 PM,10,0.886
35015785294,2300820195,G045255016,9/6/2020 8:00:00 PM,10,0.935
35015785294,2300820195,G045255016,9/6/2020 9:00:00 PM,10,1.424
35015785294,2300820195,G045255016,9/6/2020 10:00:00 PM,10,1.173
35015785294,2300820195,G045255016,9/6/2020 11:00:00 PM,10,0.728
35015785294,2300820195,G045255016,9/7/2020 12:00:00 AM,10,0.790
35015785294,2300820195,G045255016,9/7/2020 1:00:00 AM,10,0.684
35015785294,2300820195,G045255016,9/7/2020 2:00:00 AM,10,0.657
35015785294,2300820195,G045255016,9/7/2020 3:00:00 AM,10,0.775
35015785294,2300820195,G045255016,9/7/2020 4:00:00 AM,10,0.705
35015785294,2300820195,G045255016,9/7/2020 5:00:00 AM,10,0.709
35015785294,2300820195,G045255016,9/7/2020 6:00:00 AM,10,0.937
35015785294,2300820195,G045255016,9/7/2020 7:00:00 AM,10,0.913
35015785294,2300820195,G045255016,9/7/2020 8:00:00 AM,10,0.720
35015785294,2300820195,G045255016,9/7/2020 9:00:00 AM,10,1.062
35015785294,2300820195,G045255016,9/7/2020 10:00:00 AM,10,2.870
35015785294,2300820195,G045255016,9/7/2020 11:00:00 AM,10,2.968
35015785294,2300820195,G045255016,9/7/2020 12:00:00 PM,10,2.195
35015785294,2300820195,G045255016,9/7/2020 1:00:00 PM,10,2.162
35015785294,2300820195,G045255016,9/7/2020 2:00:00 PM,10,2.270
35015785294,2300820195,G045255016,9/7/2020 3:00:00 PM,10,2.175
35015785294,2300820195,G045255016,9/7/2020 4:00:00 PM,10,2.099
35015785294,2300820195,G045255016,9/7/2020 5:00:00 PM,10,2.229
35015785294,2300820195,G045255016,9/7/2020 6:00:00 PM,10,1.733
35015785294,2300820195,G045255016,9/7/2020 7:00:00 PM,10,1.458
35015785294,2300820195,G045255016,9/7/2020 8:00:00 PM,10,4.618
35015785294,2300820195,G045255016,9/7/2020 9:00:00 PM,10,1.510
35015785294,2300820195,G045255016,9/7/2020 10:00:00 PM,10,1.727
35015785294,2300820195,G045255016,9/7/2020 11:00:00 PM,10,5.631
35015785294,2300820195,G045255016,9/8/2020 12:00:00 AM,10,2.770
35015785294,2300820195,G045255016,9/8/2020 1:00:00 AM,10,2.659
35015785294,2300820195,G045255016,9/8/2020 2:00:00 AM,10,2.695
35015785294,2300820195,G045255016,9/8/2020 3:00:00 AM,10,1.966
35015785294,2300820195,G045255016,9/8/2020 4:00:00 AM,10,0.975
35015785294,2300820195,G045255016,9/8/2020 5:00:00 AM,10,0.977
35015785294,2300820195,G045255016,9/8/2020 6:00:00 AM,10,0.951
35015785294,2300820195,G045255016,9/8/2020 7:00:00 AM,10,1.075
35015785294,2300820195,G045255016,9/8/2020 8:00:00 AM,10,1.150
35015785294,2300820195,G045255016,9/8/2020 9:00:00 AM,10,2.041
35015785294,2300820195,G045255016,9/8/2020 10:00:00 AM,10,2.550
35015785294,2300820195,G045255016,9/8/2020 11:00:00 AM,10,2.313
35015785294,2300820195,G045255016,9/8/2020 12:00:00 PM,10,1.704
35015785294,2300820195,G045255016,9/8/2020 1:00:00 PM,10,1.370
35015785294,2300820195,G045255016,9/8/2020 2:00:00 PM,10,1.236
35015785294,2300820195,G045255016,9/8/2020 3:00:00 PM,10,1.167
35015785294,2300820195,G045255016,9/8/2020 4:00:00 PM,10,1.182
35015785294,2300820195,G045255016,9/8/2020 5:00:00 PM,10,1.187
35015785294,2300820195,G045255016,9/8/2020 6:00:00 PM,10,0.988
35015785294,2300820195,G045255016,9/8/2020 7:00:00 PM,10,1.088
35015785294,2300820195,G045255016,9/8/2020 8:00:00 PM,10,1.334
35015785294,2300820195,G045255016,9/8/2020 9:00:00 PM,10,1.329
35015785294,2300820195,G045255016,9/8/2020 10:00:00 PM,10,2.156
35015785294,2300820195,G045255016,9/8/2020 11:00:00 PM,10,3.061
35015785294,2300820195,G045255016,9/9/2020 12:00:00 AM,10,2.526
35015785294,2300820195,G045255016,9/9/2020 1:00:00 AM,10,2.728
35015785294,2300820195,G045255016,9/9/2020 2:00:00 AM,10,2.181
35015785294,2300820195,G045255016,9/9/2020 3:00:00 AM,10,1.073
35015785294,2300820195,G045255016,9/9/2020 4:00:00 AM,10,0.837
35015785294,2300820195,G045255016,9/9/2020 5:00:00 AM,10,0.869
35015785294,2300820195,G045255016,9/9/2020 6:00:00 AM,10,1.004
35015785294,2300820195,G045255016,9/9/2020 7:00:00 AM,10,1.028
35015785294,2300820195,G045255016,9/9/2020 8:00:00 AM,10,1.107
35015785294,2300820195,G045255016,9/9/2020 9:00:00 AM,10,1.513
35015785294,2300820195,G045255016,9/9/2020 10:00:00 AM,10,2.538
35015785294,2300820195,G045255016,9/9/2020 11:00:00 AM,10,2.435
35015785294,2300820195,G045255016,9/9/2020 12:00:00 PM,10,2.395
35015785294,2300820195,G045255016,9/9/2020 1:00:00 PM,10,2.613
35015785294,2300820195,G045255016,9/9/2020 2:00:00 PM,10,3.491
35015785294,2300820195,G045255016,9/9/2020 3:00:00 PM,10,5.610
35015785294,2300820195,G045255016,9/9/2020 4:00:00 PM,10,2.470
35015785294,2300820195,G045255016,9/9/2020 5:00:00 PM,10,1.229
35015785294,2300820195,G045255016,9/9/2020 6:00:00 PM,10,4.365
35015785294,2300820195,G045255016,9/9/2020 7:00:00 PM,10,1.433
35015785294,2300820195,G045255016,9/9/2020 8:00:00 PM,10,2.572
35015785294,2300820195,G045255016,9/9/2020 9:00:00 PM,10,3.705
35015785294,2300820195,G045255016,9/9/2020 10:00:00 PM,10,5.139
35015785294,2300820195,G045255016,9/9/2020 11:00:00 PM,10,2.257
35015785294,2300820195,G045255016,9/10/2020 12:00:00 AM,10,2.958
35015785294,2300820195,G045255016,9/10/2020 1:00:00 AM,10,2.638
35015785294,2300820195,G045255016,9/10/2020 2:00:00 AM,10,2.706
35015785294,2300820195,G045255016,9/10/2020 3:00:00 AM,10,1.929
35015785294,2300820195,G045255016,9/10/2020 4:00:00 AM,10,1.468
35015785294,2300820195,G045255016,9/10/2020 5:00:00 AM,10,1.365
35015785294,2300820195,G045255016,9/10/2020 6:00:00 AM,10,1.463
35015785294,2300820195,G045255016,9/10/2020 7:00:00 AM,10,1.719
35015785294,2300820195,G045255016,9/10/2020 8:00:00 AM,10,1.434
35015785294,2300820195,G045255016,9/10/2020 9:00:00 AM,10,0.964
35015785294,2300820195,G045255016,9/10/2020 10:00:00 AM,10,0.945
35015785294,2300820195,G045255016,9/10/2020 11:00:00 AM,10,2.083
35015785294,2300820195,G045255016,9/10/2020 12:00:00 PM,10,2.141
35015785294,2300820195,G045255016,9/10/2020 1:00:00 PM,10,1.955
35015785294,2300820195,G045255016,9/10/2020 2:00:00 PM,10,0.916
35015785294,2300820195,G045255016,9/10/2020 3:00:00 PM,10,0.838
35015785294,2300820195,G045255016,9/10/2020 4:00:00 PM,10,0.830
35015785294,2300820195,G045255016,9/10/2020 5:00:00 PM,10,1.026
35015785294,2300820195,G045255016,9/10/2020 6:00:00 PM,10,1.216
35015785294,2300820195,G045255016,9/10/2020 7:00:00 PM,10,4.359
35015785294,2300820195,G045255016,9/10/2020 8:00:00 PM,10,1.612
35015785294,2300820195,G045255016,9/10/2020 9:00:00 PM,10,4.154
35015785294,2300820195,G045255016,9/10/2020 10:00:00 PM,10,5.118
35015785294,2300820195,G045255016,9/10/2020 11:00:00 PM,10,2.848
35015785294,2300820195,G045255016,9/11/2020 12:00:00 AM,10,3.102
35015785294,2300820195,G045255016,9/11/2020 1:00:00 AM,10,3.761
35015785294,2300820195,G045255016,9/11/2020 2:00:00 AM,10,3.732
35015785294,2300820195,G045255016,9/11/2020 3:00:00 AM,10,3.610
35015785294,2300820195,G045255016,9/11/2020 4:00:00 AM,10,2.944
35015785294,2300820195,G045255016,9/11/2020 5:00:00 AM,10,1.985
35015785294,2300820195,G045255016,9/11/2020 6:00:00 AM,10,1.864
35015785294,2300820195,G045255016,9/11/2020 7:00:00 AM,10,1.392
35015785294,2300820195,G045255016,9/11/2020 8:00:00 AM,10,1.139
35015785294,2300820195,G045255016,9/11/2020 9:00:00 AM,10,1.060
35015785294,2300820195,G045255016,9/11/2020 10:00:00 AM,10,1.811
35015785294,2300820195,G045255016,9/11/2020 11:00:00 AM,10,1.687
35015785294,2300820195,G045255016,9/11/2020 12:00:00 PM,10,1.109
35015785294,2300820195,G045255016,9/11/2020 1:00:00 PM,10,0.999
35015785294,2300820195,G045255016,9/11/2020 2:00:00 PM,10,1.200
35015785294,2300820195,G045255016,9/11/2020 3:00:00 PM,10,1.203
35015785294,2300820195,G045255016,9/11/2020 4:00:00 PM,10,1.110
35015785294,2300820195,G045255016,9/11/2020 5:00:00 PM,10,1.340
35015785294,2300820195,G045255016,9/11/2020 6:00:00 PM,10,1.548
35015785294,2300820195,G045255016,9/11/2020 7:00:00 PM,10,1.388
35015785294,2300820195,G045255016,9/11/2020 8:00:00 PM,10,1.189
35015785294,2300820195,G045255016,9/11/2020 9:00:00 PM,10,1.033
35015785294,2300820195,G045255016,9/11/2020 10:00:00 PM,10,0.825
35015785294,2300820195,G045255016,9/11/2020 11:00:00 PM,10,0.870
35015785294,2300820195,G045255016,9/12/2020 12:00:00 AM,10,1.021
35015785294,2300820195,G045255016,9/12/2020 1:00:00 AM,10,1.062
35015785294,2300820195,G045255016,9/12/2020 2:00:00 AM,10,0.927
35015785294,2300820195,G045255016,9/12/2020 3:00:00 AM,10,0.871
35015785294,2300820195,G045255016,9/12/2020 4:00:00 AM,10,0.947
35015785294,2300820195,G045255016,9/12/2020 5:00:00 AM,10,1.057
35015785294,2300820195,G045255016,9/12/2020 6:00:00 AM,10,1.067
35015785294,2300820195,G045255016,9/12/2020 7:00:00 AM,10,1.199
35015785294,2300820195,G045255016,9/12/2020 8:00:00 AM,10,1.411
35015785294,2300820195,G045255016,9/12/2020 9:00:00 AM,10,3.055
35015785294,2300820195,G045255016,9/12/2020 10:00:00 AM,10,6.156
35015785294,2300820195,G045255016,9/12/2020 11:00:00 AM,10,5.037
35015785294,2300820195,G045255016,9/12/2020 12:00:00 PM,10,2.613
35015785294,2300820195,G045255016,9/12/2020 1:00:00 PM,10,2.764
35015785294,2300820195,G045255016,9/12/2020 2:00:00 PM,10,2.630
35015785294,2300820195,G045255016,9/12/2020 3:00:00 PM,10,2.241
35015785294,2300820195,G045255016,9/12/2020 4:00:00 PM,10,2.331
35015785294,2300820195,G045255016,9/12/2020 5:00:00 PM,10,2.265
35015785294,2300820195,G045255016,9/12/2020 6:00:00 PM,10,2.143
35015785294,2300820195,G045255016,9/12/2020 7:00:00 PM,10,2.264
35015785294,2300820195,G045255016,9/12/2020 8:00:00 PM,10,1.966
35015785294,2300820195,G045255016,9/12/2020 9:00:00 PM,10,1.208
35015785294,2300820195,G045255016,9/12/2020 10:00:00 PM,10,4.047
35015785294,2300820195,G045255016,9/12/2020 11:00:00 PM,10,1.543
35015785294,2300820195,G045255016,9/13/2020 12:00:00 AM,10,1.339
35015785294,2300820195,G045255016,9/13/2020 1:00:00 AM,10,2.290
35015785294,2300820195,G045255016,9/13/2020 2:00:00 AM,10,2.088
35015785294,2300820195,G045255016,9/13/2020 3:00:00 AM,10,2.135
35015785294,2300820195,G045255016,9/13/2020 4:00:00 AM,10,2.155
35015785294,2300820195,G045255016,9/13/2020 5:00:00 AM,10,2.102
35015785294,2300820195,G045255016,9/13/2020 6:00:00 AM,10,1.740
35015785294,2300820195,G045255016,9/13/2020 7:00:00 AM,10,1.220
35015785294,2300820195,G045255016,9/13/2020 8:00:00 AM,10,0.948
35015785294,2300820195,G045255016,9/13/2020 9:00:00 AM,10,0.907
35015785294,2300820195,G045255016,9/13/2020 10:00:00 AM,10,1.189
35015785294,2300820195,G045255016,9/13/2020 11:00:00 AM,10,1.025
35015785294,2300820195,G045255016,9/13/2020 12:00:00 PM,10,0.814
35015785294,2300820195,G045255016,9/13/2020 1:00:00 PM,10,1.304
35015785294,2300820195,G045255016,9/13/2020 2:00:00 PM,10,2.012
35015785294,2300820195,G045255016,9/13/2020 3:00:00 PM,10,2.051
35015785294,2300820195,G045255016,9/13/2020 4:00:00 PM,10,1.402
35015785294,2300820195,G045255016,9/13/2020 5:00:00 PM,10,0.849
35015785294,2300820195,G045255016,9/13/2020 6:00:00 PM,10,0.908
35015785294,2300820195,G045255016,9/13/2020 7:00:00 PM,10,1.113
35015785294,2300820195,G045255016,9/13/2020 8:00:00 PM,10,1.098
35015785294,2300820195,G045255016,9/13/2020 9:00:00 PM,10,1.428
35015785294,2300820195,G045255016,9/13/2020 10:00:00 PM,10,2.893
35015785294,2300820195,G045255016,9/13/2020 11:00:00 PM,10,2.788
35015785294,2300820195,G045255016,9/14/2020 12:00:00 AM,10,2.438
35015785294,2300820195,G045255016,9/14/2020 1:00:00 AM,10,1.437
35015785294,2300820195,G045255016,9/14/2020 2:00:00 AM,10,0.741
35015785294,2300820195,G045255016,9/14/2020 3:00:00 AM,10,1.079
35015785294,2300820195,G045255016,9/14/2020 4:00:00 AM,10,1.201
35015785294,2300820195,G045255016,9/14/2020 5:00:00 AM,10,0.881
35015785294,2300820195,G045255016,9/14/2020 6:00:00 AM,10,0.950
35015785294,2300820195,G045255016,9/14/2020 7:00:00 AM,10,2.451
35015785294,2300820195,G045255016,9/14/2020 8:00:00 AM,10,2.314
35015785294,2300820195,G045255016,9/14/2020 9:00:00 AM,10,2.437
35015785294,2300820195,G045255016,9/14/2020 10:00:00 AM,10,2.618
35015785294,2300820195,G045255016,9/14/2020 11:00:00 AM,10,2.341
35015785294,2300820195,G045255016,9/14/2020 12:00:00 PM,10,2.289
35015785294,2300820195,G045255016,9/14/2020 1:00:00 PM,10,1.232
35015785294,2300820195,G045255016,9/14/2020 2:00:00 PM,10,1.182
35015785294,2300820195,G045255016,9/14/2020 3:00:00 PM,10,1.153
35015785294,2300820195,G045255016,9/14/2020 4:00:00 PM,10,1.045
35015785294,2300820195,G045255016,9/14/2020 5:00:00 PM,10,0.929
35015785294,2300820195,G045255016,9/14/2020 6:00:00 PM,10,1.088
35015785294,2300820195,G045255016,9/14/2020 7:00:00 PM,10,1.082
35015785294,2300820195,G045255016,9/14/2020 8:00:00 PM,10,2.187
35015785294,2300820195,G045255016,9/14/2020 9:00:00 PM,10,2.646
35015785294,2300820195,G045255016,9/14/2020 10:00:00 PM,10,2.885
35015785294,2300820195,G045255016,9/14/2020 11:00:00 PM,10,2.959
35015785294,2300820195,G045255016,9/15/2020 12:00:00 AM,10,2.369
35015785294,2300820195,G045255016,9/15/2020 1:00:00 AM,10,2.036
35015785294,2300820195,G045255016,9/15/2020 2:00:00 AM,10,2.119
35015785294,2300820195,G045255016,9/15/2020 3:00:00 AM,10,1.719
35015785294,2300820195,G045255016,9/15/2020 4:00:00 AM,10,0.708
35015785294,2300820195,G045255016,9/15/2020 5:00:00 AM,10,0.754
35015785294,2300820195,G045255016,9/15/2020 6:00:00 AM,10,0.882
35015785294,2300820195,G045255016,9/15/2020 7:00:00 AM,10,3.665
35015785294,2300820195,G045255016,9/15/2020 8:00:00 AM,10,3.862
35015785294,2300820195,G045255016,9/15/2020 9:00:00 AM,10,2.145
35015785294,2300820195,G045255016,9/15/2020 10:00:00 AM,10,2.158
35015785294,2300820195,G045255016,9/15/2020 11:00:00 AM,10,2.110
35015785294,2300820195,G045255016,9/15/2020 12:00:00 PM,10,0.899
35015785294,2300820195,G045255016,9/15/2020 1:00:00 PM,10,0.841
35015785294,2300820195,G045255016,9/15/2020 2:00:00 PM,10,0.948
35015785294,2300820195,G045255016,9/15/2020 3:00:00 PM,10,1.074
35015785294,2300820195,G045255016,9/15/2020 4:00:00 PM,10,1.409
35015785294,2300820195,G045255016,9/15/2020 5:00:00 PM,10,1.228
35015785294,2300820195,G045255016,9/15/2020 6:00:00 PM,10,1.291
35015785294,2300820195,G045255016,9/15/2020 7:00:00 PM,10,1.787
35015785294,2300820195,G045255016,9/15/2020 8:00:00 PM,10,2.478
35015785294,2300820195,G045255016,9/15/2020 9:00:00 PM,10,2.431
35015785294,2300820195,G045255016,9/15/2020 10:00:00 PM,10,3.164
35015785294,2300820195,G045255016,9/15/2020 11:00:00 PM,10,2.882
35015785294,2300820195,G045255016,9/16/2020 12:00:00 AM,10,2.517
35015785294,2300820195,G045255016,9/16/2020 1:00:00 AM,10,2.295
35015785294,2300820195,G045255016,9/16/2020 2:00:00 AM,10,2.297
35015785294,2300820195,G045255016,9/16/2020 3:00:00 AM,10,2.252
35015785294,2300820195,G045255016,9/16/2020 4:00:00 AM,10,1.962
35015785294,2300820195,G045255016,9/16/2020 5:00:00 AM,10,0.905
35015785294,2300820195,G045255016,9/16/2020 6:00:00 AM,10,1.164
35015785294,2300820195,G045255016,9/16/2020 7:00:00 AM,10,0.974
35015785294,2300820195,G045255016,9/16/2020 8:00:00 AM,10,1.409
35015785294,2300820195,G045255016,9/16/2020 9:00:00 AM,10,2.371
35015785294,2300820195,G045255016,9/16/2020 10:00:00 AM,10,2.526
35015785294,2300820195,G045255016,9/16/2020 11:00:00 AM,10,2.252
35015785294,2300820195,G045255016,9/16/2020 12:00:00 PM,10,2.167
35015785294,2300820195,G045255016,9/16/2020 1:00:00 PM,10,1.041
35015785294,2300820195,G045255016,9/16/2020 2:00:00 PM,10,1.008
35015785294,2300820195,G045255016,9/16/2020 3:00:00 PM,10,0.934
35015785294,2300820195,G045255016,9/16/2020 4:00:00 PM,10,1.009
35015785294,2300820195,G045255016,9/16/2020 5:00:00 PM,10,1.310
35015785294,2300820195,G045255016,9/16/2020 6:00:00 PM,10,3.438
35015785294,2300820195,G045255016,9/16/2020 7:00:00 PM,10,1.177
35015785294,2300820195,G045255016,9/16/2020 8:00:00 PM,10,1.735
35015785294,2300820195,G045255016,9/16/2020 9:00:00 PM,10,2.771
35015785294,2300820195,G045255016,9/16/2020 10:00:00 PM,10,5.240
35015785294,2300820195,G045255016,9/16/2020 11:00:00 PM,10,3.864
35015785294,2300820195,G045255016,9/17/2020 12:00:00 AM,10,2.615
35015785294,2300820195,G045255016,9/17/2020 1:00:00 AM,10,2.559
35015785294,2300820195,G045255016,9/17/2020 2:00:00 AM,10,1.420
35015785294,2300820195,G045255016,9/17/2020 3:00:00 AM,10,1.125
35015785294,2300820195,G045255016,9/17/2020 4:00:00 AM,10,1.133
35015785294,2300820195,G045255016,9/17/2020 5:00:00 AM,10,1.216
35015785294,2300820195,G045255016,9/17/2020 6:00:00 AM,10,1.102
35015785294,2300820195,G045255016,9/17/2020 7:00:00 AM,10,2.209
35015785294,2300820195,G045255016,9/17/2020 8:00:00 AM,10,5.478
35015785294,2300820195,G045255016,9/17/2020 9:00:00 AM,10,4.444
35015785294,2300820195,G045255016,9/17/2020 10:00:00 AM,10,2.414
35015785294,2300820195,G045255016,9/17/2020 11:00:00 AM,10,1.374
35015785294,2300820195,G045255016,9/17/2020 12:00:00 PM,10,1.048
35015785294,2300820195,G045255016,9/17/2020 1:00:00 PM,10,0.870
35015785294,2300820195,G045255016,9/17/2020 2:00:00 PM,10,1.003
35015785294,2300820195,G045255016,9/17/2020 3:00:00 PM,10,0.981
35015785294,2300820195,G045255016,9/17/2020 4:00:00 PM,10,0.985
35015785294,2300820195,G045255016,9/17/2020 5:00:00 PM,10,1.161
35015785294,2300820195,G045255016,9/17/2020 6:00:00 PM,10,1.432
35015785294,2300820195,G045255016,9/17/2020 7:00:00 PM,10,1.271
35015785294,2300820195,G045255016,9/17/2020 8:00:00 PM,10,2.517
35015785294,2300820195,G045255016,9/17/2020 9:00:00 PM,10,2.495
35015785294,2300820195,G045255016,9/17/2020 10:00:00 PM,10,5.319
35015785294,2300820195,G045255016,9/17/2020 11:00:00 PM,10,4.040
35015785294,2300820195,G045255016,9/18/2020 12:00:00 AM,10,2.433
35015785294,2300820195,G045255016,9/18/2020 1:00:00 AM,10,2.159
35015785294,2300820195,G045255016,9/18/2020 2:00:00 AM,10,1.031
35015785294,2300820195,G045255016,9/18/2020 3:00:00 AM,10,1.015
35015785294,2300820195,G045255016,9/18/2020 4:00:00 AM,10,1.132
35015785294,2300820195,G045255016,9/18/2020 5:00:00 AM,10,1.014
35015785294,2300820195,G045255016,9/18/2020 6:00:00 AM,10,1.888
35015785294,2300820195,G045255016,9/18/2020 7:00:00 AM,10,2.132
35015785294,2300820195,G045255016,9/18/2020 8:00:00 AM,10,2.598
35015785294,2300820195,G045255016,9/18/2020 9:00:00 AM,10,2.416
35015785294,2300820195,G045255016,9/18/2020 10:00:00 AM,10,2.386
35015785294,2300820195,G045255016,9/18/2020 11:00:00 AM,10,2.658
35015785294,2300820195,G045255016,9/18/2020 12:00:00 PM,10,1.190
35015785294,2300820195,G045255016,9/18/2020 1:00:00 PM,10,4.491
35015785294,2300820195,G045255016,9/18/2020 2:00:00 PM,10,1.355
35015785294,2300820195,G045255016,9/18/2020 3:00:00 PM,10,1.053
35015785294,2300820195,G045255016,9/18/2020 4:00:00 PM,10,1.287
35015785294,2300820195,G045255016,9/18/2020 5:00:00 PM,10,1.183
35015785294,2300820195,G045255016,9/18/2020 6:00:00 PM,10,2.067
35015785294,2300820195,G045255016,9/18/2020 7:00:00 PM,10,2.578
35015785294,2300820195,G045255016,9/18/2020 8:00:00 PM,10,2.573
35015785294,2300820195,G045255016,9/18/2020 9:00:00 PM,10,2.408
35015785294,2300820195,G045255016,9/18/2020 10:00:00 PM,10,2.586
35015785294,2300820195,G045255016,9/18/2020 11:00:00 PM,10,1.339
35015785294,2300820195,G045255016,9/19/2020 12:00:00 AM,10,1.081
35015785294,2300820195,G045255016,9/19/2020 1:00:00 AM,10,0.816
35015785294,2300820195,G045255016,9/19/2020 2:00:00 AM,10,0.771
35015785294,2300820195,G045255016,9/19/2020 3:00:00 AM,10,2.325
35015785294,2300820195,G045255016,9/19/2020 4:00:00 AM,10,2.332
35015785294,2300820195,G045255016,9/19/2020 5:00:00 AM,10,2.182
35015785294,2300820195,G045255016,9/19/2020 6:00:00 AM,10,2.452
35015785294,2300820195,G045255016,9/19/2020 7:00:00 AM,10,2.208
35015785294,2300820195,G045255016,9/19/2020 8:00:00 AM,10,2.338
35015785294,2300820195,G045255016,9/19/2020 9:00:00 AM,10,3.173
35015785294,2300820195,G045255016,9/19/2020 10:00:00 AM,10,6.567
35015785294,2300820195,G045255016,9/19/2020 11:00:00 AM,10,2.096
35015785294,2300820195,G045255016,9/19/2020 12:00:00 PM,10,2.112
35015785294,2300820195,G045255016,9/19/2020 1:00:00 PM,10,4.066
35015785294,2300820195,G045255016,9/19/2020 2:00:00 PM,10,1.564
35015785294,2300820195,G045255016,9/19/2020 3:00:00 PM,10,4.421
35015785294,2300820195,G045255016,9/19/2020 4:00:00 PM,10,1.235
35015785294,2300820195,G045255016,9/19/2020 5:00:00 PM,10,0.945
35015785294,2300820195,G045255016,9/19/2020 6:00:00 PM,10,1.956
35015785294,2300820195,G045255016,9/19/2020 7:00:00 PM,10,2.169
35015785294,2300820195,G045255016,9/19/2020 8:00:00 PM,10,2.414
35015785294,2300820195,G045255016,9/19/2020 9:00:00 PM,10,2.498
35015785294,2300820195,G045255016,9/19/2020 10:00:00 PM,10,2.323
35015785294,2300820195,G045255016,9/19/2020 11:00:00 PM,10,2.498
35015785294,2300820195,G045255016,9/20/2020 12:00:00 AM,10,2.102
35015785294,2300820195,G045255016,9/20/2020 1:00:00 AM,10,1.103
35015785294,2300820195,G045255016,9/20/2020 2:00:00 AM,10,1.048
35015785294,2300820195,G045255016,9/20/2020 3:00:00 AM,10,1.107
35015785294,2300820195,G045255016,9/20/2020 4:00:00 AM,10,1.657
35015785294,2300820195,G045255016,9/20/2020 5:00:00 AM,10,2.306
35015785294,2300820195,G045255016,9/20/2020 6:00:00 AM,10,2.382
35015785294,2300820195,G045255016,9/20/2020 7:00:00 AM,10,2.578
35015785294,2300820195,G045255016,9/20/2020 8:00:00 AM,10,2.321
35015785294,2300820195,G045255016,9/20/2020 9:00:00 AM,10,2.301
35015785294,2300820195,G045255016,9/20/2020 10:00:00 AM,10,2.456
35015785294,2300820195,G045255016,9/20/2020 11:00:00 AM,10,3.233
35015785294,2300820195,G045255016,9/20/2020 12:00:00 PM,10,2.890
35015785294,2300820195,G045255016,9/20/2020 1:00:00 PM,10,0.994
35015785294,2300820195,G045255016,9/20/2020 2:00:00 PM,10,1.242
35015785294,2300820195,G045255016,9/20/2020 3:00:00 PM,10,1.481
35015785294,2300820195,G045255016,9/20/2020 4:00:00 PM,10,1.196
35015785294,2300820195,G045255016,9/20/2020 5:00:00 PM,10,1.481
35015785294,2300820195,G045255016,9/20/2020 6:00:00 PM,10,5.648
35015785294,2300820195,G045255016,9/20/2020 7:00:00 PM,10,3.141
35015785294,2300820195,G045255016,9/20/2020 8:00:00 PM,10,2.700
35015785294,2300820195,G045255016,9/20/2020 9:00:00 PM,10,4.640
35015785294,2300820195,G045255016,9/20/2020 10:00:00 PM,10,3.800
35015785294,2300820195,G045255016,9/20/2020 11:00:00 PM,10,2.300
35015785294,2300820195,G045255016,9/21/2020 12:00:00 AM,10,2.194
35015785294,2300820195,G045255016,9/21/2020 1:00:00 AM,10,2.154
35015785294,2300820195,G045255016,9/21/2020 2:00:00 AM,10,1.667
35015785294,2300820195,G045255016,9/21/2020 3:00:00 AM,10,0.956
35015785294,2300820195,G045255016,9/21/2020 4:00:00 AM,10,0.885
35015785294,2300820195,G045255016,9/21/2020 5:00:00 AM,10,0.835
35015785294,2300820195,G045255016,9/21/2020 6:00:00 AM,10,1.948
35015785294,2300820195,G045255016,9/21/2020 7:00:00 AM,10,2.342
35015785294,2300820195,G045255016,9/21/2020 8:00:00 AM,10,2.610
35015785294,2300820195,G045255016,9/21/2020 9:00:00 AM,10,2.455
35015785294,2300820195,G045255016,9/21/2020 10:00:00 AM,10,2.279
35015785294,2300820195,G045255016,9/21/2020 11:00:00 AM,10,2.384
35015785294,2300820195,G045255016,9/21/2020 12:00:00 PM,10,1.153
35015785294,2300820195,G045255016,9/21/2020 1:00:00 PM,10,1.065
35015785294,2300820195,G045255016,9/21/2020 2:00:00 PM,10,1.013
35015785294,2300820195,G045255016,9/21/2020 3:00:00 PM,10,1.021
35015785294,2300820195,G045255016,9/21/2020 4:00:00 PM,10,1.118
35015785294,2300820195,G045255016,9/21/2020 5:00:00 PM,10,1.017
35015785294,2300820195,G045255016,9/21/2020 6:00:00 PM,10,1.030
35015785294,2300820195,G045255016,9/21/2020 7:00:00 PM,10,2.467
35015785294,2300820195,G045255016,9/21/2020 8:00:00 PM,10,2.531
35015785294,2300820195,G045255016,9/21/2020 9:00:00 PM,10,2.357
35015785294,2300820195,G045255016,9/21/2020 10:00:00 PM,10,2.283
35015785294,2300820195,G045255016,9/21/2020 11:00:00 PM,10,2.564
35015785294,2300820195,G045255016,9/22/2020 12:00:00 AM,10,2.483
35015785294,2300820195,G045255016,9/22/2020 1:00:00 AM,10,2.483
35015785294,2300820195,G045255016,9/22/2020 2:00:00 AM,10,1.058
35015785294,2300820195,G045255016,9/22/2020 3:00:00 AM,10,0.987
35015785294,2300820195,G045255016,9/22/2020 4:00:00 AM,10,0.914
35015785294,2300820195,G045255016,9/22/2020 5:00:00 AM,10,1.226
35015785294,2300820195,G045255016,9/22/2020 6:00:00 AM,10,2.332
35015785294,2300820195,G045255016,9/22/2020 7:00:00 AM,10,2.273
35015785294,2300820195,G045255016,9/22/2020 8:00:00 AM,10,2.539
35015785294,2300820195,G045255016,9/22/2020 9:00:00 AM,10,2.503
35015785294,2300820195,G045255016,9/22/2020 10:00:00 AM,10,2.632
35015785294,2300820195,G045255016,9/22/2020 11:00:00 AM,10,1.569
35015785294,2300820195,G045255016,9/22/2020 12:00:00 PM,10,1.233
35015785294,2300820195,G045255016,9/22/2020 1:00:00 PM,10,0.954
35015785294,2300820195,G045255016,9/22/2020 2:00:00 PM,10,1.013
35015785294,2300820195,G045255016,9/22/2020 3:00:00 PM,10,1.008
35015785294,2300820195,G045255016,9/22/2020 4:00:00 PM,10,1.121
35015785294,2300820195,G045255016,9/22/2020 5:00:00 PM,10,2.124
35015785294,2300820195,G045255016,9/22/2020 6:00:00 PM,10,3.507
35015785294,2300820195,G045255016,9/22/2020 7:00:00 PM,10,4.576
35015785294,2300820195,G045255016,9/22/2020 8:00:00 PM,10,2.596
35015785294,2300820195,G045255016,9/22/2020 9:00:00 PM,10,1.218
35015785294,2300820195,G045255016,9/22/2020 10:00:00 PM,10,1.233
35015785294,2300820195,G045255016,9/22/2020 11:00:00 PM,10,1.235
35015785294,2300820195,G045255016,9/23/2020 12:00:00 AM,10,1.199
35015785294,2300820195,G045255016,9/23/2020 1:00:00 AM,10,0.725
35015785294,2300820195,G045255016,9/23/2020 2:00:00 AM,10,2.307
35015785294,2300820195,G045255016,9/23/2020 3:00:00 AM,10,2.282
35015785294,2300820195,G045255016,9/23/2020 4:00:00 AM,10,2.302
35015785294,2300820195,G045255016,9/23/2020 5:00:00 AM,10,2.171
35015785294,2300820195,G045255016,9/23/2020 6:00:00 AM,10,2.399
35015785294,2300820195,G045255016,9/23/2020 7:00:00 AM,10,1.086
35015785294,2300820195,G045255016,9/23/2020 8:00:00 AM,10,0.962
35015785294,2300820195,G045255016,9/23/2020 9:00:00 AM,10,1.006
35015785294,2300820195,G045255016,9/23/2020 10:00:00 AM,10,1.013
35015785294,2300820195,G045255016,9/23/2020 11:00:00 AM,10,0.971
35015785294,2300820195,G045255016,9/23/2020 12:00:00 PM,10,0.996
35015785294,2300820195,G045255016,9/23/2020 1:00:00 PM,10,1.337
35015785294,2300820195,G045255016,9/23/2020 2:00:00 PM,10,2.147
35015785294,2300820195,G045255016,9/23/2020 3:00:00 PM,10,2.137
35015785294,2300820195,G045255016,9/23/2020 4:00:00 PM,10,1.999
35015785294,2300820195,G045255016,9/23/2020 5:00:00 PM,10,0.879
35015785294,2300820195,G045255016,9/23/2020 6:00:00 PM,10,0.846
35015785294,2300820195,G045255016,9/23/2020 7:00:00 PM,10,1.114
35015785294,2300820195,G045255016,9/23/2020 8:00:00 PM,10,2.067
35015785294,2300820195,G045255016,9/23/2020 9:00:00 PM,10,3.127
35015785294,2300820195,G045255016,9/23/2020 10:00:00 PM,10,3.143
35015785294,2300820195,G045255016,9/23/2020 11:00:00 PM,10,2.705
35015785294,2300820195,G045255016,9/24/2020 12:00:00 AM,10,1.769
35015785294,2300820195,G045255016,9/24/2020 1:00:00 AM,10,1.255
35015785294,2300820195,G045255016,9/24/2020 2:00:00 AM,10,1.151
35015785294,2300820195,G045255016,9/24/2020 3:00:00 AM,10,1.170
35015785294,2300820195,G045255016,9/24/2020 4:00:00 AM,10,1.404
35015785294,2300820195,G045255016,9/24/2020 5:00:00 AM,10,2.599
35015785294,2300820195,G045255016,9/24/2020 6:00:00 AM,10,2.652
35015785294,2300820195,G045255016,9/24/2020 7:00:00 AM,10,2.595
35015785294,2300820195,G045255016,9/24/2020 8:00:00 AM,10,2.641
35015785294,2300820195,G045255016,9/24/2020 9:00:00 AM,10,2.146
35015785294,2300820195,G045255016,9/24/2020 10:00:00 AM,10,1.030
35015785294,2300820195,G045255016,9/24/2020 11:00:00 AM,10,1.156
35015785294,2300820195,G045255016,9/24/2020 12:00:00 PM,10,1.087
35015785294,2300820195,G045255016,9/24/2020 1:00:00 PM,10,1.101
35015785294,2300820195,G045255016,9/24/2020 2:00:00 PM,10,1.083
35015785294,2300820195,G045255016,9/24/2020 3:00:00 PM,10,4.016
35015785294,2300820195,G045255016,9/24/2020 4:00:00 PM,10,1.342
35015785294,2300820195,G045255016,9/24/2020 5:00:00 PM,10,1.356
35015785294,2300820195,G045255016,9/24/2020 6:00:00 PM,10,1.629
35015785294,2300820195,G045255016,9/24/2020 7:00:00 PM,10,0.967
35015785294,2300820195,G045255016,9/24/2020 8:00:00 PM,10,2.631
35015785294,2300820195,G045255016,9/24/2020 9:00:00 PM,10,2.705
35015785294,2300820195,G045255016,9/24/2020 10:00:00 PM,10,2.576
35015785294,2300820195,G045255016,9/24/2020 11:00:00 PM,10,2.781
35015785294,2300820195,G045255016,9/25/2020 12:00:00 AM,10,2.680
35015785294,2300820195,G045255016,9/25/2020 1:00:00 AM,10,1.326
35015785294,2300820195,G045255016,9/25/2020 2:00:00 AM,10,1.262
35015785294,2300820195,G045255016,9/25/2020 3:00:00 AM,10,1.337
35015785294,2300820195,G045255016,9/25/2020 4:00:00 AM,10,1.272
35015785294,2300820195,G045255016,9/25/2020 5:00:00 AM,10,1.201
35015785294,2300820195,G045255016,9/25/2020 6:00:00 AM,10,2.299
35015785294,2300820195,G045255016,9/25/2020 7:00:00 AM,10,2.639
35015785294,2300820195,G045255016,9/25/2020 8:00:00 AM,10,2.547
35015785294,2300820195,G045255016,9/25/2020 9:00:00 AM,10,2.474
35015785294,2300820195,G045255016,9/25/2020 10:00:00 AM,10,2.276
35015785294,2300820195,G045255016,9/25/2020 11:00:00 AM,10,1.652
35015785294,2300820195,G045255016,9/25/2020 12:00:00 PM,10,1.109
35015785294,2300820195,G045255016,9/25/2020 1:00:00 PM,10,3.793
35015785294,2300820195,G045255016,9/25/2020 2:00:00 PM,10,1.921
35015785294,2300820195,G045255016,9/25/2020 3:00:00 PM,10,1.162
35015785294,2300820195,G045255016,9/25/2020 4:00:00 PM,10,1.089
35015785294,2300820195,G045255016,9/25/2020 5:00:00 PM,10,0.974
35015785294,2300820195,G045255016,9/25/2020 6:00:00 PM,10,1.167
35015785294,2300820195,G045255016,9/25/2020 7:00:00 PM,10,2.067
35015785294,2300820195,G045255016,9/25/2020 8:00:00 PM,10,2.020
35015785294,2300820195,G045255016,9/25/2020 9:00:00 PM,10,1.944
35015785294,2300820195,G045255016,9/25/2020 10:00:00 PM,10,1.947
35015785294,2300820195,G045255016,9/25/2020 11:00:00 PM,10,1.425
35015785294,2300820195,G045255016,9/26/2020 12:00:00 AM,10,0.782
35015785294,2300820195,G045255016,9/26/2020 1:00:00 AM,10,0.698
35015785294,2300820195,G045255016,9/26/2020 2:00:00 AM,10,0.653
35015785294,2300820195,G045255016,9/26/2020 3:00:00 AM,10,0.771
35015785294,2300820195,G045255016,9/26/2020 4:00:00 AM,10,1.292
35015785294,2300820195,G045255016,9/26/2020 5:00:00 AM,10,2.022
35015785294,2300820195,G045255016,9/26/2020 6:00:00 AM,10,1.941
35015785294,2300820195,G045255016,9/26/2020 7:00:00 AM,10,1.951
35015785294,2300820195,G045255016,9/26/2020 8:00:00 AM,10,2.036
35015785294,2300820195,G045255016,9/26/2020 9:00:00 AM,10,1.020
35015785294,2300820195,G045255016,9/26/2020 10:00:00 AM,10,0.655
35015785294,2300820195,G045255016,9/26/2020 11:00:00 AM,10,0.640
35015785294,2300820195,G045255016,9/26/2020 12:00:00 PM,10,0.792
35015785294,2300820195,G045255016,9/26/2020 1:00:00 PM,10,0.718
35015785294,2300820195,G045255016,9/26/2020 2:00:00 PM,10,0.689
35015785294,2300820195,G045255016,9/26/2020 3:00:00 PM,10,0.719
35015785294,2300820195,G045255016,9/26/2020 4:00:00 PM,10,0.771
35015785294,2300820195,G045255016,9/26/2020 5:00:00 PM,10,0.890
35015785294,2300820195,G045255016,9/26/2020 6:00:00 PM,10,1.927
35015785294,2300820195,G045255016,9/26/2020 7:00:00 PM,10,1.981
35015785294,2300820195,G045255016,9/26/2020 8:00:00 PM,10,2.005
35015785294,2300820195,G045255016,9/26/2020 9:00:00 PM,10,1.195
35015785294,2300820195,G045255016,9/26/2020 10:00:00 PM,10,0.658
35015785294,2300820195,G045255016,9/26/2020 11:00:00 PM,10,0.743
35015785294,2300820195,G045255016,9/27/2020 12:00:00 AM,10,0.752
35015785294,2300820195,G045255016,9/27/2020 1:00:00 AM,10,0.717
35015785294,2300820195,G045255016,9/27/2020 2:00:00 AM,10,0.626
35015785294,2300820195,G045255016,9/27/2020 3:00:00 AM,10,0.624
35015785294,2300820195,G045255016,9/27/2020 4:00:00 AM,10,0.652
35015785294,2300820195,G045255016,9/27/2020 5:00:00 AM,10,0.729
35015785294,2300820195,G045255016,9/27/2020 6:00:00 AM,10,0.614
35015785294,2300820195,G045255016,9/27/2020 7:00:00 AM,10,0.613
35015785294,2300820195,G045255016,9/27/2020 8:00:00 AM,10,0.743
35015785294,2300820195,G045255016,9/27/2020 9:00:00 AM,10,0.799
35015785294,2300820195,G045255016,9/27/2020 10:00:00 AM,10,0.816
35015785294,2300820195,G045255016,9/27/2020 11:00:00 AM,10,0.690
35015785294,2300820195,G045255016,9/27/2020 12:00:00 PM,10,1.014
35015785294,2300820195,G045255016,9/27/2020 1:00:00 PM,10,1.196
35015785294,2300820195,G045255016,9/27/2020 2:00:00 PM,10,1.320
35015785294,2300820195,G045255016,9/27/2020 3:00:00 PM,10,1.249
35015785294,2300820195,G045255016,9/27/2020 4:00:00 PM,10,1.183
35015785294,2300820195,G045255016,9/27/2020 5:00:00 PM,10,4.201
35015785294,2300820195,G045255016,9/27/2020 6:00:00 PM,10,4.233
35015785294,2300820195,G045255016,9/27/2020 7:00:00 PM,10,2.188
35015785294,2300820195,G045255016,9/27/2020 8:00:00 PM,10,5.455
35015785294,2300820195,G045255016,9/27/2020 9:00:00 PM,10,3.483
35015785294,2300820195,G045255016,9/27/2020 10:00:00 PM,10,2.410
35015785294,2300820195,G045255016,9/27/2020 11:00:00 PM,10,0.930
35015785294,2300820195,G045255016,9/28/2020 12:00:00 AM,10,1.000
35015785294,2300820195,G045255016,9/28/2020 1:00:00 AM,10,1.814
35015785294,2300820195,G045255016,9/28/2020 2:00:00 AM,10,1.583
35015785294,2300820195,G045255016,9/28/2020 3:00:00 AM,10,1.421
35015785294,2300820195,G045255016,9/28/2020 4:00:00 AM,10,1.364
35015785294,2300820195,G045255016,9/28/2020 5:00:00 AM,10,1.408
35015785294,2300820195,G045255016,9/28/2020 6:00:00 AM,10,1.161
35015785294,2300820195,G045255016,9/28/2020 7:00:00 AM,10,1.158
35015785294,2300820195,G045255016,9/28/2020 8:00:00 AM,10,1.351
35015785294,2300820195,G045255016,9/28/2020 9:00:00 AM,10,1.418
35015785294,2300820195,G045255016,9/28/2020 10:00:00 AM,10,1.249
35015785294,2300820195,G045255016,9/28/2020 11:00:00 AM,10,1.082
35015785294,2300820195,G045255016,9/28/2020 12:00:00 PM,10,1.227
35015785294,2300820195,G045255016,9/28/2020 1:00:00 PM,10,1.118
35015785294,2300820195,G045255016,9/28/2020 2:00:00 PM,10,1.648
35015785294,2300820195,G045255016,9/28/2020 3:00:00 PM,10,1.399
35015785294,2300820195,G045255016,9/28/2020 4:00:00 PM,10,3.062
35015785294,2300820195,G045255016,9/28/2020 5:00:00 PM,10,5.333
35015785294,2300820195,G045255016,9/28/2020 6:00:00 PM,10,3.742
35015785294,2300820195,G045255016,9/28/2020 7:00:00 PM,10,4.758
35015785294,2300820195,G045255016,9/28/2020 8:00:00 PM,10,3.048
35015785294,2300820195,G045255016,9/28/2020 9:00:00 PM,10,2.707
35015785294,2300820195,G045255016,9/28/2020 10:00:00 PM,10,2.491
35015785294,2300820195,G045255016,9/28/2020 11:00:00 PM,10,2.715
35015785294,2300820195,G045255016,9/29/2020 12:00:00 AM,10,2.753
35015785294,2300820195,G045255016,9/29/2020 1:00:00 AM,10,2.608
35015785294,2300820195,G045255016,9/29/2020 2:00:00 AM,10,2.605
35015785294,2300820195,G045255016,9/29/2020 3:00:00 AM,10,2.460
35015785294,2300820195,G045255016,9/29/2020 4:00:00 AM,10,2.273
35015785294,2300820195,G045255016,9/29/2020 5:00:00 AM,10,1.252
35015785294,2300820195,G045255016,9/29/2020 6:00:00 AM,10,1.444
35015785294,2300820195,G045255016,9/29/2020 7:00:00 AM,10,1.065
35015785294,2300820195,G045255016,9/29/2020 8:00:00 AM,10,1.035
35015785294,2300820195,G045255016,9/29/2020 9:00:00 AM,10,1.001
35015785294,2300820195,G045255016,9/29/2020 10:00:00 AM,10,1.184
35015785294,2300820195,G045255016,9/29/2020 11:00:00 AM,10,1.139
35015785294,2300820195,G045255016,9/29/2020 12:00:00 PM,10,1.584
35015785294,2300820195,G045255016,9/29/2020 1:00:00 PM,10,2.457
35015785294,2300820195,G045255016,9/29/2020 2:00:00 PM,10,2.316
35015785294,2300820195,G045255016,9/29/2020 3:00:00 PM,10,1.961
35015785294,2300820195,G045255016,9/29/2020 4:00:00 PM,10,1.105
35015785294,2300820195,G045255016,9/29/2020 5:00:00 PM,10,1.112
35015785294,2300820195,G045255016,9/29/2020 6:00:00 PM,10,1.086
35015785294,2300820195,G045255016,9/29/2020 7:00:00 PM,10,2.338
35015785294,2300820195,G045255016,9/29/2020 8:00:00 PM,10,2.687
35015785294,2300820195,G045255016,9/29/2020 9:00:00 PM,10,2.826
35015785294,2300820195,G045255016,9/29/2020 10:00:00 PM,10,2.315
35015785294,2300820195,G045255016,9/29/2020 11:00:00 PM,10,1.079
35015785294,2300820195,G045255016,9/30/2020 12:00:00 AM,10,1.077
35015785294,2300820195,G045255016,9/30/2020 1:00:00 AM,10,1.071
35015785294,2300820195,G045255016,9/30/2020 2:00:00 AM,10,1.633
35015785294,2300820195,G045255016,9/30/2020 3:00:00 AM,10,1.338
35015785294,2300820195,G045255016,9/30/2020 4:00:00 AM,10,1.590
35015785294,2300820195,G045255016,9/30/2020 5:00:00 AM,10,2.568
35015785294,2300820195,G045255016,9/30/2020 6:00:00 AM,10,2.860
35015785294,2300820195,G045255016,9/30/2020 7:00:00 AM,10,2.802
35015785294,2300820195,G045255016,9/30/2020 8:00:00 AM,10,2.871
35015785294,2300820195,G045255016,9/30/2020 9:00:00 AM,10,2.303
35015785294,2300820195,G045255016,9/30/2020 10:00:00 AM,10,1.285
35015785294,2300820195,G045255016,9/30/2020 11:00:00 AM,10,0.950
35015785294,2300820195,G045255016,9/30/2020 12:00:00 PM,10,0.900
35015785294,2300820195,G045255016,9/30/2020 1:00:00 PM,10,0.939
35015785294,2300820195,G045255016,9/30/2020 2:00:00 PM,10,0.895
35015785294,2300820195,G045255016,9/30/2020 3:00:00 PM,10,1.121
35015785294,2300820195,G045255016,9/30/2020 4:00:00 PM,10,0.838
35015785294,2300820195,G045255016,9/30/2020 5:00:00 PM,10,1.727
35015785294,2300820195,G045255016,9/30/2020 6:00:00 PM,10,2.214
35015785294,2300820195,G045255016,9/30/2020 7:00:00 PM,10,2.064
35015785294,2300820195,G045255016,9/30/2020 8:00:00 PM,10,2.228
35015785294,2300820195,G045255016,9/30/2020 9:00:00 PM,10,2.276
35015785294,2300820195,G045255016,9/30/2020 10:00:00 PM,10,2.112
35015785294,2300820195,G045255016,9/30/2020 11:00:00 PM,10,1.291
35015785294,2300820195,G045255016,10/1/2020 12:00:00 AM,10,1.162
35015785294,2300820195,G045255016,10/1/2020 1:00:00 AM,10,0.755
35015785294,2300820195,G045255016,10/1/2020 2:00:00 AM,10,0.724
35015785294,2300820195,G045255016,10/1/2020 3:00:00 AM,10,1.825
35015785294,2300820195,G045255016,10/1/2020 4:00:00 AM,10,2.044
35015785294,2300820195,G045255016,10/1/2020 5:00:00 AM,10,2.004
35015785294,2300820195,G045255016,10/1/2020 6:00:00 AM,10,2.333
35015785294,2300820195,G045255016,10/1/2020 7:00:00 AM,10,2.307
35015785294,2300820195,G045255016,10/1/2020 8:00:00 AM,10,2.328
35015785294,2300820195,G045255016,10/1/2020 9:00:00 AM,10,1.043
35015785294,2300820195,G045255016,10/1/2020 10:00:00 AM,10,0.965
35015785294,2300820195,G045255016,10/1/2020 11:00:00 AM,10,0.989
35015785294,2300820195,G045255016,10/1/2020 12:00:00 PM,10,1.009
35015785294,2300820195,G045255016,10/1/2020 1:00:00 PM,10,0.877
35015785294,2300820195,G045255016,10/1/2020 2:00:00 PM,10,0.981
35015785294,2300820195,G045255016,10/1/2020 3:00:00 PM,10,2.281
35015785294,2300820195,G045255016,10/1/2020 4:00:00 PM,10,2.490
35015785294,2300820195,G045255016,10/1/2020 5:00:00 PM,10,1.634
35015785294,2300820195,G045255016,10/1/2020 6:00:00 PM,10,1.128
35015785294,2300820195,G045255016,10/1/2020 7:00:00 PM,10,1.281
35015785294,2300820195,G045255016,10/1/2020 8:00:00 PM,10,2.279
35015785294,2300820195,G045255016,10/1/2020 9:00:00 PM,10,4.927
35015785294,2300820195,G045255016,10/1/2020 10:00:00 PM,10,3.501
35015785294,2300820195,G045255016,10/1/2020 11:00:00 PM,10,1.150
35015785294,2300820195,G045255016,10/2/2020 12:00:00 AM,10,0.817
35015785294,2300820195,G045255016,10/2/2020 1:00:00 AM,10,0.850
35015785294,2300820195,G045255016,10/2/2020 2:00:00 AM,10,0.922
35015785294,2300820195,G045255016,10/2/2020 3:00:00 AM,10,1.222
35015785294,2300820195,G045255016,10/2/2020 4:00:00 AM,10,2.168
35015785294,2300820195,G045255016,10/2/2020 5:00:00 AM,10,2.038
35015785294,2300820195,G045255016,10/2/2020 6:00:00 AM,10,2.266
35015785294,2300820195,G045255016,10/2/2020 7:00:00 AM,10,2.449
35015785294,2300820195,G045255016,10/2/2020 8:00:00 AM,10,1.663
35015785294,2300820195,G045255016,10/2/2020 9:00:00 AM,10,0.903
35015785294,2300820195,G045255016,10/2/2020 10:00:00 AM,10,1.048
35015785294,2300820195,G045255016,10/2/2020 11:00:00 AM,10,1.143
35015785294,2300820195,G045255016,10/2/2020 12:00:00 PM,10,1.097
35015785294,2300820195,G045255016,10/2/2020 1:00:00 PM,10,1.300
35015785294,2300820195,G045255016,10/2/2020 2:00:00 PM,10,2.288
35015785294,2300820195,G045255016,10/2/2020 3:00:00 PM,10,2.423
35015785294,2300820195,G045255016,10/2/2020 4:00:00 PM,10,2.406
35015785294,2300820195,G045255016,10/2/2020 5:00:00 PM,10,2.378
35015785294,2300820195,G045255016,10/2/2020 6:00:00 PM,10,2.421
35015785294,2300820195,G045255016,10/2/2020 7:00:00 PM,10,1.187
35015785294,2300820195,G045255016,10/2/2020 8:00:00 PM,10,1.030
35015785294,2300820195,G045255016,10/2/2020 9:00:00 PM,10,1.175
35015785294,2300820195,G045255016,10/2/2020 10:00:00 PM,10,1.143
35015785294,2300820195,G045255016,10/2/2020 11:00:00 PM,10,1.769
35015785294,2300820195,G045255016,10/3/2020 12:00:00 AM,10,2.197
35015785294,2300820195,G045255016,10/3/2020 1:00:00 AM,10,2.300
35015785294,2300820195,G045255016,10/3/2020 2:00:00 AM,10,2.144
35015785294,2300820195,G045255016,10/3/2020 3:00:00 AM,10,2.235
35015785294,2300820195,G045255016,10/3/2020 4:00:00 AM,10,2.161
35015785294,2300820195,G045255016,10/3/2020 5:00:00 AM,10,1.903
35015785294,2300820195,G045255016,10/3/2020 6:00:00 AM,10,1.179
35015785294,2300820195,G045255016,10/3/2020 7:00:00 AM,10,1.039
35015785294,2300820195,G045255016,10/3/2020 8:00:00 AM,10,1.023
35015785294,2300820195,G045255016,10/3/2020 9:00:00 AM,10,4.066
35015785294,2300820195,G045255016,10/3/2020 10:00:00 AM,10,3.817
35015785294,2300820195,G045255016,10/3/2020 11:00:00 AM,10,2.640
35015785294,2300820195,G045255016,10/3/2020 12:00:00 PM,10,2.346
35015785294,2300820195,G045255016,10/3/2020 1:00:00 PM,10,2.333
35015785294,2300820195,G045255016,10/3/2020 2:00:00 PM,10,2.062
35015785294,2300820195,G045255016,10/3/2020 3:00:00 PM,10,1.251
35015785294,2300820195,G045255016,10/3/2020 4:00:00 PM,10,1.358
35015785294,2300820195,G045255016,10/3/2020 5:00:00 PM,10,1.501
35015785294,2300820195,G045255016,10/3/2020 6:00:00 PM,10,4.950
35015785294,2300820195,G045255016,10/3/2020 7:00:00 PM,10,2.216
35015785294,2300820195,G045255016,10/3/2020 8:00:00 PM,10,2.624
35015785294,2300820195,G045255016,10/3/2020 9:00:00 PM,10,2.521
35015785294,2300820195,G045255016,10/3/2020 10:00:00 PM,10,2.873
35015785294,2300820195,G045255016,10/3/2020 11:00:00 PM,10,2.504
35015785294,2300820195,G045255016,10/4/2020 12:00:00 AM,10,2.427
35015785294,2300820195,G045255016,10/4/2020 1:00:00 AM,10,2.043
35015785294,2300820195,G045255016,10/4/2020 2:00:00 AM,10,1.237
35015785294,2300820195,G045255016,10/4/2020 3:00:00 AM,10,0.810
35015785294,2300820195,G045255016,10/4/2020 4:00:00 AM,10,0.732
35015785294,2300820195,G045255016,10/4/2020 5:00:00 AM,10,0.810
35015785294,2300820195,G045255016,10/4/2020 6:00:00 AM,10,1.479
35015785294,2300820195,G045255016,10/4/2020 7:00:00 AM,10,2.167
35015785294,2300820195,G045255016,10/4/2020 8:00:00 AM,10,4.303
35015785294,2300820195,G045255016,10/4/2020 9:00:00 AM,10,4.726
35015785294,2300820195,G045255016,10/4/2020 10:00:00 AM,10,2.467
35015785294,2300820195,G045255016,10/4/2020 11:00:00 AM,10,1.962
35015785294,2300820195,G045255016,10/4/2020 12:00:00 PM,10,1.208
35015785294,2300820195,G045255016,10/4/2020 1:00:00 PM,10,0.953
35015785294,2300820195,G045255016,10/4/2020 2:00:00 PM,10,0.999
35015785294,2300820195,G045255016,10/4/2020 3:00:00 PM,10,0.929
35015785294,2300820195,G045255016,10/4/2020 4:00:00 PM,10,0.806
35015785294,2300820195,G045255016,10/4/2020 5:00:00 PM,10,0.891
35015785294,2300820195,G045255016,10/4/2020 6:00:00 PM,10,1.585
35015785294,2300820195,G045255016,10/4/2020 7:00:00 PM,10,5.384
35015785294,2300820195,G045255016,10/4/2020 8:00:00 PM,10,4.532
35015785294,2300820195,G045255016,10/4/2020 9:00:00 PM,10,5.487
35015785294,2300820195,G045255016,10/4/2020 10:00:00 PM,10,3.134
35015785294,2300820195,G045255016,10/4/2020 11:00:00 PM,10,5.072
35015785294,2300820195,G045255016,10/5/2020 12:00:00 AM,10,1.831
35015785294,2300820195,G045255016,10/5/2020 1:00:00 AM,10,0.971
35015785294,2300820195,G045255016,10/5/2020 2:00:00 AM,10,1.019
35015785294,2300820195,G045255016,10/5/2020 3:00:00 AM,10,1.043
35015785294,2300820195,G045255016,10/5/2020 4:00:00 AM,10,1.096
35015785294,2300820195,G045255016,10/5/2020 5:00:00 AM,10,2.185
35015785294,2300820195,G045255016,10/5/2020 6:00:00 AM,10,2.264
35015785294,2300820195,G045255016,10/5/2020 7:00:00 AM,10,2.050
35015785294,2300820195,G045255016,10/5/2020 8:00:00 AM,10,2.218
35015785294,2300820195,G045255016,10/5/2020 9:00:00 AM,10,2.514
35015785294,2300820195,G045255016,10/5/2020 10:00:00 AM,10,1.513
35015785294,2300820195,G045255016,10/5/2020 11:00:00 AM,10,1.176
35015785294,2300820195,G045255016,10/5/2020 12:00:00 PM,10,1.144
35015785294,2300820195,G045255016,10/5/2020 1:00:00 PM,10,1.211
35015785294,2300820195,G045255016,10/5/2020 2:00:00 PM,10,1.145
35015785294,2300820195,G045255016,10/5/2020 3:00:00 PM,10,1.392
35015785294,2300820195,G045255016,10/5/2020 4:00:00 PM,10,2.404
35015785294,2300820195,G045255016,10/5/2020 5:00:00 PM,10,2.843
35015785294,2300820195,G045255016,10/5/2020 6:00:00 PM,10,2.637
35015785294,2300820195,G045255016,10/5/2020 7:00:00 PM,10,2.415
35015785294,2300820195,G045255016,10/5/2020 8:00:00 PM,10,2.273
35015785294,2300820195,G045255016,10/5/2020 9:00:00 PM,10,1.138
35015785294,2300820195,G045255016,10/5/2020 10:00:00 PM,10,1.175
35015785294,2300820195,G045255016,10/5/2020 11:00:00 PM,10,1.602
35015785294,2300820195,G045255016,10/6/2020 12:00:00 AM,10,1.183
35015785294,2300820195,G045255016,10/6/2020 1:00:00 AM,10,1.848
35015785294,2300820195,G045255016,10/6/2020 2:00:00 AM,10,2.454
35015785294,2300820195,G045255016,10/6/2020 3:00:00 AM,10,2.528
35015785294,2300820195,G045255016,10/6/2020 4:00:00 AM,10,2.527
35015785294,2300820195,G045255016,10/6/2020 5:00:00 AM,10,2.526
35015785294,2300820195,G045255016,10/6/2020 6:00:00 AM,10,1.802
35015785294,2300820195,G045255016,10/6/2020 7:00:00 AM,10,1.241
35015785294,2300820195,G045255016,10/6/2020 8:00:00 AM,10,1.609
35015785294,2300820195,G045255016,10/6/2020 9:00:00 AM,10,0.992
35015785294,2300820195,G045255016,10/6/2020 10:00:00 AM,10,1.237
35015785294,2300820195,G045255016,10/6/2020 11:00:00 AM,10,0.978
35015785294,2300820195,G045255016,10/6/2020 12:00:00 PM,10,2.150
35015785294,2300820195,G045255016,10/6/2020 1:00:00 PM,10,2.487
35015785294,2300820195,G045255016,10/6/2020 2:00:00 PM,10,5.698
35015785294,2300820195,G045255016,10/6/2020 3:00:00 PM,10,2.474
35015785294,2300820195,G045255016,10/6/2020 4:00:00 PM,10,1.300
35015785294,2300820195,G045255016,10/6/2020 5:00:00 PM,10,1.434
35015785294,2300820195,G045255016,10/6/2020 6:00:00 PM,10,1.268
35015785294,2300820195,G045255016,10/6/2020 7:00:00 PM,10,3.995
35015785294,2300820195,G045255016,10/6/2020 8:00:00 PM,10,1.415
35015785294,2300820195,G045255016,10/6/2020 9:00:00 PM,10,1.977
35015785294,2300820195,G045255016,10/6/2020 10:00:00 PM,10,2.147
35015785294,2300820195,G045255016,10/6/2020 11:00:00 PM,10,2.042
35015785294,2300820195,G045255016,10/7/2020 12:00:00 AM,10,2.078
35015785294,2300820195,G045255016,10/7/2020 1:00:00 AM,10,2.011
35015785294,2300820195,G045255016,10/7/2020 2:00:00 AM,10,0.948
35015785294,2300820195,G045255016,10/7/2020 3:00:00 AM,10,0.790
35015785294,2300820195,G045255016,10/7/2020 4:00:00 AM,10,0.756
35015785294,2300820195,G045255016,10/7/2020 5:00:00 AM,10,0.809
35015785294,2300820195,G045255016,10/7/2020 6:00:00 AM,10,1.253
35015785294,2300820195,G045255016,10/7/2020 7:00:00 AM,10,2.077
35015785294,2300820195,G045255016,10/7/2020 8:00:00 AM,10,2.185
35015785294,2300820195,G045255016,10/7/2020 9:00:00 AM,10,2.326
35015785294,2300820195,G045255016,10/7/2020 10:00:00 AM,10,2.474
35015785294,2300820195,G045255016,10/7/2020 11:00:00 AM,10,1.825
35015785294,2300820195,G045255016,10/7/2020 12:00:00 PM,10,0.982
35015785294,2300820195,G045255016,10/7/2020 1:00:00 PM,10,1.193
35015785294,2300820195,G045255016,10/7/2020 2:00:00 PM,10,1.043
35015785294,2300820195,G045255016,10/7/2020 3:00:00 PM,10,0.967
35015785294,2300820195,G045255016,10/7/2020 4:00:00 PM,10,0.968
35015785294,2300820195,G045255016,10/7/2020 5:00:00 PM,10,0.892
35015785294,2300820195,G045255016,10/7/2020 6:00:00 PM,10,1.032
35015785294,2300820195,G045255016,10/7/2020 7:00:00 PM,10,1.021
35015785294,2300820195,G045255016,10/7/2020 8:00:00 PM,10,1.775
35015785294,2300820195,G045255016,10/7/2020 9:00:00 PM,10,1.870
35015785294,2300820195,G045255016,10/7/2020 10:00:00 PM,10,2.547
35015785294,2300820195,G045255016,10/7/2020 11:00:00 PM,10,4.892
35015785294,2300820195,G045255016,10/8/2020 12:00:00 AM,10,2.738
35015785294,2300820195,G045255016,10/8/2020 1:00:00 AM,10,2.111
35015785294,2300820195,G045255016,10/8/2020 2:00:00 AM,10,2.160
35015785294,2300820195,G045255016,10/8/2020 3:00:00 AM,10,2.043
35015785294,2300820195,G045255016,10/8/2020 4:00:00 AM,10,2.146
35015785294,2300820195,G045255016,10/8/2020 5:00:00 AM,10,2.155
35015785294,2300820195,G045255016,10/8/2020 6:00:00 AM,10,2.249
35015785294,2300820195,G045255016,10/8/2020 7:00:00 AM,10,1.656
35015785294,2300820195,G045255016,10/8/2020 8:00:00 AM,10,1.172
35015785294,2300820195,G045255016,10/8/2020 9:00:00 AM,10,1.469
35015785294,2300820195,G045255016,10/8/2020 10:00:00 AM,10,1.085
35015785294,2300820195,G045255016,10/8/2020 11:00:00 AM,10,1.568
35015785294,2300820195,G045255016,10/8/2020 12:00:00 PM,10,2.207
35015785294,2300820195,G045255016,10/8/2020 1:00:00 PM,10,2.187
35015785294,2300820195,G045255016,10/8/2020 2:00:00 PM,10,2.356
35015785294,2300820195,G045255016,10/8/2020 3:00:00 PM,10,2.441
35015785294,2300820195,G045255016,10/8/2020 4:00:00 PM,10,1.576
35015785294,2300820195,G045255016,10/8/2020 5:00:00 PM,10,1.045
35015785294,2300820195,G045255016,10/8/2020 6:00:00 PM,10,1.064
35015785294,2300820195,G045255016,10/8/2020 7:00:00 PM,10,1.847
35015785294,2300820195,G045255016,10/8/2020 8:00:00 PM,10,2.856
35015785294,2300820195,G045255016,10/8/2020 9:00:00 PM,10,2.449
35015785294,2300820195,G045255016,10/8/2020 10:00:00 PM,10,4.462
35015785294,2300820195,G045255016,10/8/2020 11:00:00 PM,10,3.856
35015785294,2300820195,G045255016,10/9/2020 12:00:00 AM,10,2.215
35015785294,2300820195,G045255016,10/9/2020 1:00:00 AM,10,2.192
35015785294,2300820195,G045255016,10/9/2020 2:00:00 AM,10,2.137
35015785294,2300820195,G045255016,10/9/2020 3:00:00 AM,10,2.167
35015785294,2300820195,G045255016,10/9/2020 4:00:00 AM,10,1.623
35015785294,2300820195,G045255016,10/9/2020 5:00:00 AM,10,1.047
35015785294,2300820195,G045255016,10/9/2020 6:00:00 AM,10,0.960
35015785294,2300820195,G045255016,10/9/2020 7:00:00 AM,10,1.032
35015785294,2300820195,G045255016,10/9/2020 8:00:00 AM,10,2.612
35015785294,2300820195,G045255016,10/9/2020 9:00:00 AM,10,2.280
35015785294,2300820195,G045255016,10/9/2020 10:00:00 AM,10,2.547
35015785294,2300820195,G045255016,10/9/2020 11:00:00 AM,10,2.453
35015785294,2300820195,G045255016,10/9/2020 12:00:00 PM,10,2.374
35015785294,2300820195,G045255016,10/9/2020 1:00:00 PM,10,2.657
35015785294,2300820195,G045255016,10/9/2020 2:00:00 PM,10,1.385
35015785294,2300820195,G045255016,10/9/2020 3:00:00 PM,10,1.214
35015785294,2300820195,G045255016,10/9/2020 4:00:00 PM,10,1.098
35015785294,2300820195,G045255016,10/9/2020 5:00:00 PM,10,1.232
35015785294,2300820195,G045255016,10/9/2020 6:00:00 PM,10,1.754
35015785294,2300820195,G045255016,10/9/2020 7:00:00 PM,10,2.521
35015785294,2300820195,G045255016,10/9/2020 8:00:00 PM,10,2.486
35015785294,2300820195,G045255016,10/9/2020 9:00:00 PM,10,2.546
35015785294,2300820195,G045255016,10/9/2020 10:00:00 PM,10,3.082
35015785294,2300820195,G045255016,10/9/2020 11:00:00 PM,10,2.655
35015785294,2300820195,G045255016,10/10/2020 12:00:00 AM,10,2.167
35015785294,2300820195,G045255016,10/10/2020 1:00:00 AM,10,1.632
35015785294,2300820195,G045255016,10/10/2020 2:00:00 AM,10,0.870
35015785294,2300820195,G045255016,10/10/2020 3:00:00 AM,10,0.917
35015785294,2300820195,G045255016,10/10/2020 4:00:00 AM,10,0.983
35015785294,2300820195,G045255016,10/10/2020 5:00:00 AM,10,0.833
35015785294,2300820195,G045255016,10/10/2020 6:00:00 AM,10,2.050
35015785294,2300820195,G045255016,10/10/2020 7:00:00 AM,10,2.568
35015785294,2300820195,G045255016,10/10/2020 8:00:00 AM,10,2.493
35015785294,2300820195,G045255016,10/10/2020 9:00:00 AM,10,2.247
35015785294,2300820195,G045255016,10/10/2020 10:00:00 AM,10,2.275
35015785294,2300820195,G045255016,10/10/2020 11:00:00 AM,10,0.962
35015785294,2300820195,G045255016,10/10/2020 12:00:00 PM,10,1.185
35015785294,2300820195,G045255016,10/10/2020 1:00:00 PM,10,1.235
35015785294,2300820195,G045255016,10/10/2020 2:00:00 PM,10,1.028
35015785294,2300820195,G045255016,10/10/2020 3:00:00 PM,10,0.768
35015785294,2300820195,G045255016,10/10/2020 4:00:00 PM,10,0.894
35015785294,2300820195,G045255016,10/10/2020 5:00:00 PM,10,0.863
35015785294,2300820195,G045255016,10/10/2020 6:00:00 PM,10,1.110
35015785294,2300820195,G045255016,10/10/2020 7:00:00 PM,10,1.252
35015785294,2300820195,G045255016,10/10/2020 8:00:00 PM,10,2.452
35015785294,2300820195,G045255016,10/10/2020 9:00:00 PM,10,2.357
35015785294,2300820195,G045255016,10/10/2020 10:00:00 PM,10,2.315
35015785294,2300820195,G045255016,10/10/2020 11:00:00 PM,10,2.706
35015785294,2300820195,G045255016,10/11/2020 12:00:00 AM,10,1.204
35015785294,2300820195,G045255016,10/11/2020 1:00:00 AM,10,0.845
35015785294,2300820195,G045255016,10/11/2020 2:00:00 AM,10,0.764
35015785294,2300820195,G045255016,10/11/2020 3:00:00 AM,10,0.836
35015785294,2300820195,G045255016,10/11/2020 4:00:00 AM,10,1.440
35015785294,2300820195,G045255016,10/11/2020 5:00:00 AM,10,2.111
35015785294,2300820195,G045255016,10/11/2020 6:00:00 AM,10,2.027
35015785294,2300820195,G045255016,10/11/2020 7:00:00 AM,10,2.167
35015785294,2300820195,G045255016,10/11/2020 8:00:00 AM,10,2.715
35015785294,2300820195,G045255016,10/11/2020 9:00:00 AM,10,2.376
35015785294,2300820195,G045255016,10/11/2020 10:00:00 AM,10,2.300
35015785294,2300820195,G045255016,10/11/2020 11:00:00 AM,10,1.681
35015785294,2300820195,G045255016,10/11/2020 12:00:00 PM,10,1.175
35015785294,2300820195,G045255016,10/11/2020 1:00:00 PM,10,1.286
35015785294,2300820195,G045255016,10/11/2020 2:00:00 PM,10,1.374
35015785294,2300820195,G045255016,10/11/2020 3:00:00 PM,10,1.277
35015785294,2300820195,G045255016,10/11/2020 4:00:00 PM,10,4.853
35015785294,2300820195,G045255016,10/11/2020 5:00:00 PM,10,3.192
35015785294,2300820195,G045255016,10/11/2020 6:00:00 PM,10,5.534
35015785294,2300820195,G045255016,10/11/2020 7:00:00 PM,10,4.852
35015785294,2300820195,G045255016,10/11/2020 8:00:00 PM,10,4.228
35015785294,2300820195,G045255016,10/11/2020 9:00:00 PM,10,2.619
35015785294,2300820195,G045255016,10/11/2020 10:00:00 PM,10,2.319
35015785294,2300820195,G045255016,10/11/2020 11:00:00 PM,10,2.757
35015785294,2300820195,G045255016,10/12/2020 12:00:00 AM,10,2.544
35015785294,2300820195,G045255016,10/12/2020 1:00:00 AM,10,2.322
35015785294,2300820195,G045255016,10/12/2020 2:00:00 AM,10,1.043
35015785294,2300820195,G045255016,10/12/2020 3:00:00 AM,10,0.920
35015785294,2300820195,G045255016,10/12/2020 4:00:00 AM,10,0.859
35015785294,2300820195,G045255016,10/12/2020 5:00:00 AM,10,1.295
35015785294,2300820195,G045255016,10/12/2020 6:00:00 AM,10,2.397
35015785294,2300820195,G045255016,10/12/2020 7:00:00 AM,10,2.275
35015785294,2300820195,G045255016,10/12/2020 8:00:00 AM,10,2.294
35015785294,2300820195,G045255016,10/12/2020 9:00:00 AM,10,2.331
35015785294,2300820195,G045255016,10/12/2020 10:00:00 AM,10,2.552
35015785294,2300820195,G045255016,10/12/2020 11:00:00 AM,10,2.329
35015785294,2300820195,G045255016,10/12/2020 12:00:00 PM,10,1.752
35015785294,2300820195,G045255016,10/12/2020 1:00:00 PM,10,1.323
35015785294,2300820195,G045255016,10/12/2020 2:00:00 PM,10,1.434
35015785294,2300820195,G045255016,10/12/2020 3:00:00 PM,10,1.269
35015785294,2300820195,G045255016,10/12/2020 4:00:00 PM,10,0.991
35015785294,2300820195,G045255016,10/12/2020 5:00:00 PM,10,1.040
35015785294,2300820195,G045255016,10/12/2020 6:00:00 PM,10,2.714
35015785294,2300820195,G045255016,10/12/2020 7:00:00 PM,10,2.373
35015785294,2300820195,G045255016,10/12/2020 8:00:00 PM,10,2.615
35015785294,2300820195,G045255016,10/12/2020 9:00:00 PM,10,3.145
35015785294,2300820195,G045255016,10/12/2020 10:00:00 PM,10,2.623
35015785294,2300820195,G045255016,10/12/2020 11:00:00 PM,10,2.328
35015785294,2300820195,G045255016,10/13/2020 12:00:00 AM,10,1.352
35015785294,2300820195,G045255016,10/13/2020 1:00:00 AM,10,1.127
35015785294,2300820195,G045255016,10/13/2020 2:00:00 AM,10,1.080
35015785294,2300820195,G045255016,10/13/2020 3:00:00 AM,10,1.122
35015785294,2300820195,G045255016,10/13/2020 4:00:00 AM,10,1.828
35015785294,2300820195,G045255016,10/13/2020 5:00:00 AM,10,2.445
35015785294,2300820195,G045255016,10/13/2020 6:00:00 AM,10,2.768
35015785294,2300820195,G045255016,10/13/2020 7:00:00 AM,10,2.472
35015785294,2300820195,G045255016,10/13/2020 8:00:00 AM,10,2.415
35015785294,2300820195,G045255016,10/13/2020 9:00:00 AM,10,2.515
35015785294,2300820195,G045255016,10/13/2020 10:00:00 AM,10,2.707
35015785294,2300820195,G045255016,10/13/2020 11:00:00 AM,10,1.979
35015785294,2300820195,G045255016,10/13/2020 12:00:00 PM,10,1.473
35015785294,2300820195,G045255016,10/13/2020 1:00:00 PM,10,1.668
35015785294,2300820195,G045255016,10/13/2020 2:00:00 PM,10,1.364
35015785294,2300820195,G045255016,10/13/2020 3:00:00 PM,10,1.981
35015785294,2300820195,G045255016,10/13/2020 4:00:00 PM,10,2.580
35015785294,2300820195,G045255016,10/13/2020 5:00:00 PM,10,2.536
35015785294,2300820195,G045255016,10/13/2020 6:00:00 PM,10,1.851
35015785294,2300820195,G045255016,10/13/2020 7:00:00 PM,10,1.095
35015785294,2300820195,G045255016,10/13/2020 8:00:00 PM,10,1.172
35015785294,2300820195,G045255016,10/13/2020 9:00:00 PM,10,1.281
35015785294,2300820195,G045255016,10/13/2020 10:00:00 PM,10,1.660
35015785294,2300820195,G045255016,10/13/2020 11:00:00 PM,10,1.212
35015785294,2300820195,G045255016,10/14/2020 12:00:00 AM,10,1.142
35015785294,2300820195,G045255016,10/14/2020 1:00:00 AM,10,0.958
35015785294,2300820195,G045255016,10/14/2020 2:00:00 AM,10,0.855
35015785294,2300820195,G045255016,10/14/2020 3:00:00 AM,10,0.939
35015785294,2300820195,G045255016,10/14/2020 4:00:00 AM,10,0.843
35015785294,2300820195,G045255016,10/14/2020 5:00:00 AM,10,0.926
35015785294,2300820195,G045255016,10/14/2020 6:00:00 AM,10,0.908
35015785294,2300820195,G045255016,10/14/2020 7:00:00 AM,10,1.149
35015785294,2300820195,G045255016,10/14/2020 8:00:00 AM,10,1.237
35015785294,2300820195,G045255016,10/14/2020 9:00:00 AM,10,0.983
35015785294,2300820195,G045255016,10/14/2020 10:00:00 AM,10,0.884
35015785294,2300820195,G045255016,10/14/2020 11:00:00 AM,10,0.949
35015785294,2300820195,G045255016,10/14/2020 12:00:00 PM,10,1.142
35015785294,2300820195,G045255016,10/14/2020 1:00:00 PM,10,0.978
35015785294,2300820195,G045255016,10/14/2020 2:00:00 PM,10,2.426
35015785294,2300820195,G045255016,10/14/2020 3:00:00 PM,10,3.663
35015785294,2300820195,G045255016,10/14/2020 4:00:00 PM,10,1.153
35015785294,2300820195,G045255016,10/14/2020 5:00:00 PM,10,0.945
35015785294,2300820195,G045255016,10/14/2020 6:00:00 PM,10,5.907
35015785294,2300820195,G045255016,10/14/2020 7:00:00 PM,10,2.903
35015785294,2300820195,G045255016,10/14/2020 8:00:00 PM,10,2.382
35015785294,2300820195,G045255016,10/14/2020 9:00:00 PM,10,2.424
35015785294,2300820195,G045255016,10/14/2020 10:00:00 PM,10,2.513
35015785294,2300820195,G045255016,10/14/2020 11:00:00 PM,10,2.803
35015785294,2300820195,G045255016,10/15/2020 12:00:00 AM,10,2.512
35015785294,2300820195,G045255016,10/15/2020 1:00:00 AM,10,2.139
35015785294,2300820195,G045255016,10/15/2020 2:00:00 AM,10,2.087
35015785294,2300820195,G045255016,10/15/2020 3:00:00 AM,10,2.317
35015785294,2300820195,G045255016,10/15/2020 4:00:00 AM,10,2.162
35015785294,2300820195,G045255016,10/15/2020 5:00:00 AM,10,2.048
35015785294,2300820195,G045255016,10/15/2020 6:00:00 AM,10,2.112
35015785294,2300820195,G045255016,10/15/2020 7:00:00 AM,10,2.035
35015785294,2300820195,G045255016,10/15/2020 8:00:00 AM,10,2.345
35015785294,2300820195,G045255016,10/15/2020 9:00:00 AM,10,2.186
35015785294,2300820195,G045255016,10/15/2020 10:00:00 AM,10,2.594
35015785294,2300820195,G045255016,10/15/2020 11:00:00 AM,10,2.290
35015785294,2300820195,G045255016,10/15/2020 12:00:00 PM,10,2.325
35015785294,2300820195,G045255016,10/15/2020 1:00:00 PM,10,2.077
35015785294,2300820195,G045255016,10/15/2020 2:00:00 PM,10,2.110
35015785294,2300820195,G045255016,10/15/2020 3:00:00 PM,10,1.054
35015785294,2300820195,G045255016,10/15/2020 4:00:00 PM,10,0.990
35015785294,2300820195,G045255016,10/15/2020 5:00:00 PM,10,0.823
35015785294,2300820195,G045255016,10/15/2020 6:00:00 PM,10,1.042
35015785294,2300820195,G045255016,10/15/2020 7:00:00 PM,10,3.030
35015785294,2300820195,G045255016,10/15/2020 8:00:00 PM,10,2.569
35015785294,2300820195,G045255016,10/15/2020 9:00:00 PM,10,2.489
35015785294,2300820195,G045255016,10/15/2020 10:00:00 PM,10,2.848
35015785294,2300820195,G045255016,10/15/2020 11:00:00 PM,10,2.024
35015785294,2300820195,G045255016,10/16/2020 12:00:00 AM,10,0.974
35015785294,2300820195,G045255016,10/16/2020 1:00:00 AM,10,0.942
35015785294,2300820195,G045255016,10/16/2020 2:00:00 AM,10,0.966
35015785294,2300820195,G045255016,10/16/2020 3:00:00 AM,10,0.929
35015785294,2300820195,G045255016,10/16/2020 4:00:00 AM,10,0.971
35015785294,2300820195,G045255016,10/16/2020 5:00:00 AM,10,2.164
35015785294,2300820195,G045255016,10/16/2020 6:00:00 AM,10,2.423
35015785294,2300820195,G045255016,10/16/2020 7:00:00 AM,10,2.365
35015785294,2300820195,G045255016,10/16/2020 8:00:00 AM,10,2.557
35015785294,2300820195,G045255016,10/16/2020 9:00:00 AM,10,2.188
35015785294,2300820195,G045255016,10/16/2020 10:00:00 AM,10,1.158
35015785294,2300820195,G045255016,10/16/2020 11:00:00 AM,10,1.191
35015785294,2300820195,G045255016,10/16/2020 12:00:00 PM,10,1.214
35015785294,2300820195,G045255016,10/16/2020 1:00:00 PM,10,1.221
35015785294,2300820195,G045255016,10/16/2020 2:00:00 PM,10,1.065
35015785294,2300820195,G045255016,10/16/2020 3:00:00 PM,10,1.531
35015785294,2300820195,G045255016,10/16/2020 4:00:00 PM,10,5.330
35015785294,2300820195,G045255016,10/16/2020 5:00:00 PM,10,3.407
35015785294,2300820195,G045255016,10/16/2020 6:00:00 PM,10,5.546
35015785294,2300820195,G045255016,10/16/2020 7:00:00 PM,10,2.998
35015785294,2300820195,G045255016,10/16/2020 8:00:00 PM,10,3.553
35015785294,2300820195,G045255016,10/16/2020 9:00:00 PM,10,4.706
35015785294,2300820195,G045255016,10/16/2020 10:00:00 PM,10,2.418
35015785294,2300820195,G045255016,10/16/2020 11:00:00 PM,10,2.120
